movie_id,title,tags
19995,Avatar,"['In', 'the', '22nd', 'century,', 'a', 'paraplegic', 'Marine', 'is', 'dispatched', 'to', 'the', 'moon', 'Pandora', 'on', 'a', 'unique', 'mission,', 'but', 'becomes', 'torn', 'between', 'following', 'orders', 'and', 'protecting', 'an', 'alien', 'civilization.', 'Action', 'Adventure', 'Fantasy', 'ScienceFiction', 'cultureclash', 'future', 'spacewar', 'spacecolony', 'society', 'spacetravel', 'futuristic', 'romance', 'space', 'alien', 'tribe', 'alienplanet', 'cgi', 'marine', 'soldier', 'battle', 'loveaffair', 'antiwar', 'powerrelations', 'mindandsoul', '3d', 'SamWorthington', 'ZoeSaldana', 'SigourneyWeaver', 'JamesCameron']"
285,Pirates of the Caribbean: At World's End,"['Captain', 'Barbossa,', 'long', 'believed', 'to', 'be', 'dead,', 'has', 'come', 'back', 'to', 'life', 'and', 'is', 'headed', 'to', 'the', 'edge', 'of', 'the', 'Earth', 'with', 'Will', 'Turner', 'and', 'Elizabeth', 'Swann.', 'But', 'nothing', 'is', 'quite', 'as', 'it', 'seems.', 'Adventure', 'Fantasy', 'Action', 'ocean', 'drugabuse', 'exoticisland', 'eastindiatradingcompany', ""loveofone'slife"", 'traitor', 'shipwreck', 'strongwoman', 'ship', 'alliance', 'calypso', 'afterlife', 'fighter', 'pirate', 'swashbuckler', 'aftercreditsstinger', 'JohnnyDepp', 'OrlandoBloom', 'KeiraKnightley', 'GoreVerbinski']"
206647,Spectre,"['A', 'cryptic', 'message', 'from', 'Bond’s', 'past', 'sends', 'him', 'on', 'a', 'trail', 'to', 'uncover', 'a', 'sinister', 'organization.', 'While', 'M', 'battles', 'political', 'forces', 'to', 'keep', 'the', 'secret', 'service', 'alive,', 'Bond', 'peels', 'back', 'the', 'layers', 'of', 'deceit', 'to', 'reveal', 'the', 'terrible', 'truth', 'behind', 'SPECTRE.', 'Action', 'Adventure', 'Crime', 'spy', 'basedonnovel', 'secretagent', 'sequel', 'mi6', 'britishsecretservice', 'unitedkingdom', 'DanielCraig', 'ChristophWaltz', 'LéaSeydoux', 'SamMendes']"
49026,The Dark Knight Rises,"['Following', 'the', 'death', 'of', 'District', 'Attorney', 'Harvey', 'Dent,', 'Batman', 'assumes', 'responsibility', 'for', ""Dent's"", 'crimes', 'to', 'protect', 'the', 'late', ""attorney's"", 'reputation', 'and', 'is', 'subsequently', 'hunted', 'by', 'the', 'Gotham', 'City', 'Police', 'Department.', 'Eight', 'years', 'later,', 'Batman', 'encounters', 'the', 'mysterious', 'Selina', 'Kyle', 'and', 'the', 'villainous', 'Bane,', 'a', 'new', 'terrorist', 'leader', 'who', 'overwhelms', ""Gotham's"", 'finest.', 'The', 'Dark', 'Knight', 'resurfaces', 'to', 'protect', 'a', 'city', 'that', 'has', 'branded', 'him', 'an', 'enemy.', 'Action', 'Crime', 'Drama', 'Thriller', 'dccomics', 'crimefighter', 'terrorist', 'secretidentity', 'burglar', 'hostagedrama', 'timebomb', 'gothamcity', 'vigilante', 'cover-up', 'superhero', 'villainess', 'tragichero', 'terrorism', 'destruction', 'catwoman', 'catburglar', 'imax', 'flood', 'criminalunderworld', 'batman', 'ChristianBale', 'MichaelCaine', 'GaryOldman', 'ChristopherNolan']"
49529,John Carter,"['John', 'Carter', 'is', 'a', 'war-weary,', 'former', 'military', 'captain', ""who's"", 'inexplicably', 'transported', 'to', 'the', 'mysterious', 'and', 'exotic', 'planet', 'of', 'Barsoom', '(Mars)', 'and', 'reluctantly', 'becomes', 'embroiled', 'in', 'an', 'epic', 'conflict.', ""It's"", 'a', 'world', 'on', 'the', 'brink', 'of', 'collapse,', 'and', 'Carter', 'rediscovers', 'his', 'humanity', 'when', 'he', 'realizes', 'the', 'survival', 'of', 'Barsoom', 'and', 'its', 'people', 'rests', 'in', 'his', 'hands.', 'Action', 'Adventure', 'ScienceFiction', 'basedonnovel', 'mars', 'medallion', 'spacetravel', 'princess', 'alien', 'steampunk', 'martian', 'escape', 'edgarriceburroughs', 'alienrace', 'superhumanstrength', 'marscivilization', 'swordandplanet', '19thcentury', '3d', 'TaylorKitsch', 'LynnCollins', 'SamanthaMorton', 'AndrewStanton']"
559,Spider-Man 3,"['The', 'seemingly', 'invincible', 'Spider-Man', 'goes', 'up', 'against', 'an', 'all-new', 'crop', 'of', 'villain', '–', 'including', 'the', 'shape-shifting', 'Sandman.', 'While', 'Spider-Man’s', 'superpowers', 'are', 'altered', 'by', 'an', 'alien', 'organism,', 'his', 'alter', 'ego,', 'Peter', 'Parker,', 'deals', 'with', 'nemesis', 'Eddie', 'Brock', 'and', 'also', 'gets', 'caught', 'up', 'in', 'a', 'love', 'triangle.', 'Fantasy', 'Action', 'Adventure', 'dualidentity', 'amnesia', 'sandstorm', ""loveofone'slife"", 'forgiveness', 'spider', 'wretch', 'deathofafriend', 'egomania', 'sand', 'narcism', 'hostility', 'marvelcomic', 'sequel', 'superhero', 'revenge', 'TobeyMaguire', 'KirstenDunst', 'JamesFranco', 'SamRaimi']"
38757,Tangled,"['When', 'the', ""kingdom's"", 'most', 'wanted-and', 'most', 'charming-bandit', 'Flynn', 'Rider', 'hides', 'out', 'in', 'a', 'mysterious', 'tower,', ""he's"", 'taken', 'hostage', 'by', 'Rapunzel,', 'a', 'beautiful', 'and', 'feisty', 'tower-bound', 'teen', 'with', '70', 'feet', 'of', 'magical,', 'golden', 'hair.', ""Flynn's"", 'curious', 'captor,', ""who's"", 'looking', 'for', 'her', 'ticket', 'out', 'of', 'the', 'tower', 'where', ""she's"", 'been', 'locked', 'away', 'for', 'years,', 'strikes', 'a', 'deal', 'with', 'the', 'handsome', 'thief', 'and', 'the', 'unlikely', 'duo', 'sets', 'off', 'on', 'an', 'action-packed', 'escapade,', 'complete', 'with', 'a', 'super-cop', 'horse,', 'an', 'over-protective', 'chameleon', 'and', 'a', 'gruff', 'gang', 'of', 'pub', 'thugs.', 'Animation', 'Family', 'hostage', 'magic', 'horse', 'fairytale', 'musical', 'princess', 'animation', 'tower', 'blondewoman', 'selfishness', 'healingpower', 'basedonfairytale', 'duringcreditsstinger', 'healinggift', 'animalsidekick', 'ZacharyLevi', 'MandyMoore', 'DonnaMurphy', 'ByronHoward', 'NathanGreno']"
99861,Avengers: Age of Ultron,"['When', 'Tony', 'Stark', 'tries', 'to', 'jumpstart', 'a', 'dormant', 'peacekeeping', 'program,', 'things', 'go', 'awry', 'and', 'Earth’s', 'Mightiest', 'Heroes', 'are', 'put', 'to', 'the', 'ultimate', 'test', 'as', 'the', 'fate', 'of', 'the', 'planet', 'hangs', 'in', 'the', 'balance.', 'As', 'the', 'villainous', 'Ultron', 'emerges,', 'it', 'is', 'up', 'to', 'The', 'Avengers', 'to', 'stop', 'him', 'from', 'enacting', 'his', 'terrible', 'plans,', 'and', 'soon', 'uneasy', 'alliances', 'and', 'unexpected', 'action', 'pave', 'the', 'way', 'for', 'an', 'epic', 'and', 'unique', 'global', 'adventure.', 'Action', 'Adventure', 'ScienceFiction', 'marvelcomic', 'sequel', 'superhero', 'basedoncomicbook', 'vision', 'superheroteam', 'duringcreditsstinger', 'marvelcinematicuniverse', '3d', 'RobertDowneyJr.', 'ChrisHemsworth', 'MarkRuffalo', 'JossWhedon']"
767,Harry Potter and the Half-Blood Prince,"['As', 'Harry', 'begins', 'his', 'sixth', 'year', 'at', 'Hogwarts,', 'he', 'discovers', 'an', 'old', 'book', 'marked', 'as', ""'Property"", 'of', 'the', 'Half-Blood', ""Prince',"", 'and', 'begins', 'to', 'learn', 'more', 'about', 'Lord', ""Voldemort's"", 'dark', 'past.', 'Adventure', 'Fantasy', 'Family', 'witch', 'magic', 'broom', 'schoolofwitchcraft', 'wizardry', 'apparition', 'teenagecrush', 'werewolf', 'DanielRadcliffe', 'RupertGrint', 'EmmaWatson', 'DavidYates']"
209112,Batman v Superman: Dawn of Justice,"['Fearing', 'the', 'actions', 'of', 'a', 'god-like', 'Super', 'Hero', 'left', 'unchecked,', 'Gotham', 'City’s', 'own', 'formidable,', 'forceful', 'vigilante', 'takes', 'on', 'Metropolis’s', 'most', 'revered,', 'modern-day', 'savior,', 'while', 'the', 'world', 'wrestles', 'with', 'what', 'sort', 'of', 'hero', 'it', 'really', 'needs.', 'And', 'with', 'Batman', 'and', 'Superman', 'at', 'war', 'with', 'one', 'another,', 'a', 'new', 'threat', 'quickly', 'arises,', 'putting', 'mankind', 'in', 'greater', 'danger', 'than', 'it’s', 'ever', 'known', 'before.', 'Action', 'Adventure', 'Fantasy', 'dccomics', 'vigilante', 'superhero', 'basedoncomicbook', 'revenge', 'superpowers', 'clarkkent', 'brucewayne', 'dcextendeduniverse', 'BenAffleck', 'HenryCavill', 'GalGadot', 'ZackSnyder']"
1452,Superman Returns,"['Superman', 'returns', 'to', 'discover', 'his', '5-year', 'absence', 'has', 'allowed', 'Lex', 'Luthor', 'to', 'walk', 'free,', 'and', 'that', 'those', 'he', 'was', 'closest', 'too', 'felt', 'abandoned', 'and', 'have', 'moved', 'on.', 'Luthor', 'plots', 'his', 'ultimate', 'revenge', 'that', 'could', 'see', 'millions', 'killed', 'and', 'change', 'the', 'face', 'of', 'the', 'planet', 'forever,', 'as', 'well', 'as', 'ridding', 'himself', 'of', 'the', 'Man', 'of', 'Steel.', 'Adventure', 'Fantasy', 'Action', 'ScienceFiction', 'savingtheworld', 'dccomics', 'invulnerability', 'sequel', 'superhero', 'basedoncomicbook', 'kryptonite', 'superpowers', 'superhumanstrength', 'lexluthor', 'BrandonRouth', 'KevinSpacey', 'KateBosworth', 'BryanSinger']"
10764,Quantum of Solace,"['Quantum', 'of', 'Solace', 'continues', 'the', 'adventures', 'of', 'James', 'Bond', 'after', 'Casino', 'Royale.', 'Betrayed', 'by', 'Vesper,', 'the', 'woman', 'he', 'loved,', '007', 'fights', 'the', 'urge', 'to', 'make', 'his', 'latest', 'mission', 'personal.', 'Pursuing', 'his', 'determination', 'to', 'uncover', 'the', 'truth,', 'Bond', 'and', 'M', 'interrogate', 'Mr.', 'White,', 'who', 'reveals', 'that', 'the', 'organization', 'that', 'blackmailed', 'Vesper', 'is', 'far', 'more', 'complex', 'and', 'dangerous', 'than', 'anyone', 'had', 'imagined.', 'Adventure', 'Action', 'Thriller', 'Crime', 'killing', 'undercover', 'secretagent', 'britishsecretservice', 'DanielCraig', 'OlgaKurylenko', 'MathieuAmalric', 'MarcForster']"
58,Pirates of the Caribbean: Dead Man's Chest,"['Captain', 'Jack', 'Sparrow', 'works', 'his', 'way', 'out', 'of', 'a', 'blood', 'debt', 'with', 'the', 'ghostly', 'Davey', 'Jones,', 'he', 'also', 'attempts', 'to', 'avoid', 'eternal', 'damnation.', 'Adventure', 'Fantasy', 'Action', 'witch', 'fortuneteller', 'bondage', 'exoticisland', 'monster', 'captain', 'cardgame', 'eastindiatradingcompany', 'compass', 'ship', 'daughter', 'pirate', 'swashbuckler', 'aftercreditsstinger', 'JohnnyDepp', 'OrlandoBloom', 'KeiraKnightley', 'GoreVerbinski']"
57201,The Lone Ranger,"['The', 'Texas', 'Rangers', 'chase', 'down', 'a', 'gang', 'of', 'outlaws', 'led', 'by', 'Butch', 'Cavendish,', 'but', 'the', 'gang', 'ambushes', 'the', 'Rangers,', 'seemingly', 'killing', 'them', 'all.', 'One', 'survivor', 'is', 'found,', 'however,', 'by', 'an', 'American', 'Indian', 'named', 'Tonto,', 'who', 'nurses', 'him', 'back', 'to', 'health.', 'The', 'Ranger,', 'donning', 'a', 'mask', 'and', 'riding', 'a', 'white', 'stallion', 'named', 'Silver,', 'teams', 'up', 'with', 'Tonto', 'to', 'bring', 'the', 'unscrupulous', 'gang', 'and', 'others', 'of', 'that', 'ilk', 'to', 'justice.', 'Action', 'Adventure', 'Western', 'texas', 'horse', 'survivor', 'texasranger', 'partner', 'outlaw', 'escape', 'lawyer', 'train', 'loneranger', 'comanche', 'theloneranger', 'tonto', 'JohnnyDepp', 'ArmieHammer', 'WilliamFichtner', 'GoreVerbinski']"
49521,Man of Steel,"['A', 'young', 'boy', 'learns', 'that', 'he', 'has', 'extraordinary', 'powers', 'and', 'is', 'not', 'of', 'this', 'earth.', 'As', 'a', 'young', 'man,', 'he', 'journeys', 'to', 'discover', 'where', 'he', 'came', 'from', 'and', 'what', 'he', 'was', 'sent', 'here', 'to', 'do.', 'But', 'the', 'hero', 'in', 'him', 'must', 'emerge', 'if', 'he', 'is', 'to', 'save', 'the', 'world', 'from', 'annihilation', 'and', 'become', 'the', 'symbol', 'of', 'hope', 'for', 'all', 'mankind.', 'Action', 'Adventure', 'Fantasy', 'ScienceFiction', 'savingtheworld', 'dccomics', 'superhero', 'basedoncomicbook', 'superhuman', 'alieninvasion', 'reboot', 'superpowers', 'dcextendeduniverse', 'HenryCavill', 'AmyAdams', 'MichaelShannon', 'ZackSnyder']"
2454,The Chronicles of Narnia: Prince Caspian,"['One', 'year', 'after', 'their', 'incredible', 'adventures', 'in', 'the', 'Lion,', 'the', 'Witch', 'and', 'the', 'Wardrobe,', 'Peter,', 'Edmund,', 'Lucy', 'and', 'Susan', 'Pevensie', 'return', 'to', 'Narnia', 'to', 'aid', 'a', 'young', 'prince', 'whose', 'life', 'has', 'been', 'threatened', 'by', 'the', 'evil', 'King', 'Miraz.', 'Now,', 'with', 'the', 'help', 'of', 'a', 'colorful', 'cast', 'of', 'new', 'characters,', 'including', 'Trufflehunter', 'the', 'badger', 'and', 'Nikabrik', 'the', 'dwarf,', 'the', 'Pevensie', 'clan', 'embarks', 'on', 'an', 'incredible', 'quest', 'to', 'ensure', 'that', 'Narnia', 'is', 'returned', 'to', 'its', 'rightful', 'heir.', 'Adventure', 'Family', 'Fantasy', 'basedonnovel', 'fictionalplace', 'brothersisterrelationship', 'lion', 'humanbeing', 'wretch', 'leapintime', 'matteroflifeanddeath', 'faith', 'uncle', 'narnia', 'fantasyworld', 'BenBarnes', 'WilliamMoseley', 'AnnaPopplewell', 'AndrewAdamson']"
24428,The Avengers,"['When', 'an', 'unexpected', 'enemy', 'emerges', 'and', 'threatens', 'global', 'safety', 'and', 'security,', 'Nick', 'Fury,', 'director', 'of', 'the', 'international', 'peacekeeping', 'agency', 'known', 'as', 'S.H.I.E.L.D.,', 'finds', 'himself', 'in', 'need', 'of', 'a', 'team', 'to', 'pull', 'the', 'world', 'back', 'from', 'the', 'brink', 'of', 'disaster.', 'Spanning', 'the', 'globe,', 'a', 'daring', 'recruitment', 'effort', 'begins!', 'ScienceFiction', 'Action', 'Adventure', 'newyork', 'shield', 'marvelcomic', 'superhero', 'basedoncomicbook', 'alieninvasion', 'superheroteam', 'aftercreditsstinger', 'duringcreditsstinger', 'marvelcinematicuniverse', 'RobertDowneyJr.', 'ChrisEvans', 'MarkRuffalo', 'JossWhedon']"
1865,Pirates of the Caribbean: On Stranger Tides,"['Captain', 'Jack', 'Sparrow', 'crosses', 'paths', 'with', 'a', 'woman', 'from', 'his', 'past,', 'and', ""he's"", 'not', 'sure', 'if', ""it's"", 'love', '--', 'or', 'if', ""she's"", 'a', 'ruthless', 'con', 'artist', ""who's"", 'using', 'him', 'to', 'find', 'the', 'fabled', 'Fountain', 'of', 'Youth.', 'When', 'she', 'forces', 'him', 'aboard', 'the', 'Queen', ""Anne's"", 'Revenge,', 'the', 'ship', 'of', 'the', 'formidable', 'pirate', 'Blackbeard,', 'Jack', 'finds', 'himself', 'on', 'an', 'unexpected', 'adventure', 'in', 'which', 'he', ""doesn't"", 'know', 'who', 'to', 'fear', 'more:', 'Blackbeard', 'or', 'the', 'woman', 'from', 'his', 'past.', 'Adventure', 'Action', 'Fantasy', 'sea', 'captain', 'mutiny', 'sword', 'primeminister', 'sailing', 'silver', 'ship', 'duke', 'mermaid', 'pirate', 'soldier', 'battle', 'swashbuckler', 'aftercreditsstinger', '3d', 'JohnnyDepp', 'PenélopeCruz', 'IanMcShane', 'RobMarshall']"
41154,Men in Black 3,"['Agents', 'J', '(Will', 'Smith)', 'and', 'K', '(Tommy', 'Lee', 'Jones)', 'are', 'back...in', 'time.', 'J', 'has', 'seen', 'some', 'inexplicable', 'things', 'in', 'his', '15', 'years', 'with', 'the', 'Men', 'in', 'Black,', 'but', 'nothing,', 'not', 'even', 'aliens,', 'perplexes', 'him', 'as', 'much', 'as', 'his', 'wry,', 'reticent', 'partner.', 'But', 'when', ""K's"", 'life', 'and', 'the', 'fate', 'of', 'the', 'planet', 'are', 'put', 'at', 'stake,', 'Agent', 'J', 'will', 'have', 'to', 'travel', 'back', 'in', 'time', 'to', 'put', 'things', 'right.', 'J', 'discovers', 'that', 'there', 'are', 'secrets', 'to', 'the', 'universe', 'that', 'K', 'never', 'told', 'him', '-', 'secrets', 'that', 'will', 'reveal', 'themselves', 'as', 'he', 'teams', 'up', 'with', 'the', 'young', 'Agent', 'K', '(Josh', 'Brolin)', 'to', 'save', 'his', 'partner,', 'the', 'agency,', 'and', 'the', 'future', 'of', 'humankind.', 'Action', 'Comedy', 'ScienceFiction', 'timetravel', 'timemachine', 'alien', 'fictionalgovernmentagency', 'seeingthefuture', 'changinghistory', 'WillSmith', 'TommyLeeJones', 'JoshBrolin', 'BarrySonnenfeld']"
122917,The Hobbit: The Battle of the Five Armies,"['Immediately', 'after', 'the', 'events', 'of', 'The', 'Desolation', 'of', 'Smaug,', 'Bilbo', 'and', 'the', 'dwarves', 'try', 'to', 'defend', ""Erebor's"", 'mountain', 'of', 'treasure', 'from', 'others', 'who', 'claim', 'it:', 'the', 'men', 'of', 'the', 'ruined', 'Laketown', 'and', 'the', 'elves', 'of', 'Mirkwood.', 'Meanwhile', 'an', 'army', 'of', 'Orcs', 'led', 'by', 'Azog', 'the', 'Defiler', 'is', 'marching', 'on', 'Erebor,', 'fueled', 'by', 'the', 'rise', 'of', 'the', 'dark', 'lord', 'Sauron.', 'Dwarves,', 'elves', 'and', 'men', 'must', 'unite,', 'and', 'the', 'hope', 'for', 'Middle-Earth', 'falls', 'into', ""Bilbo's"", 'hands.', 'Action', 'Adventure', 'Fantasy', 'corruption', 'elves', 'dwarves', 'orcs', 'middle-earth(tolkien)', 'hobbit', 'dragon', 'battle', 'unlikelyfriendship', 'epicbattle', 'swordandsorcery', 'MartinFreeman', 'IanMcKellen', 'RichardArmitage', 'PeterJackson']"
1930,The Amazing Spider-Man,"['Peter', 'Parker', 'is', 'an', 'outcast', 'high', 'schooler', 'abandoned', 'by', 'his', 'parents', 'as', 'a', 'boy,', 'leaving', 'him', 'to', 'be', 'raised', 'by', 'his', 'Uncle', 'Ben', 'and', 'Aunt', 'May.', 'Like', 'most', 'teenagers,', 'Peter', 'is', 'trying', 'to', 'figure', 'out', 'who', 'he', 'is', 'and', 'how', 'he', 'got', 'to', 'be', 'the', 'person', 'he', 'is', 'today.', 'As', 'Peter', 'discovers', 'a', 'mysterious', 'briefcase', 'that', 'belonged', 'to', 'his', 'father,', 'he', 'begins', 'a', 'quest', 'to', 'understand', 'his', ""parents'"", 'disappearance', '–', 'leading', 'him', 'directly', 'to', 'Oscorp', 'and', 'the', 'lab', 'of', 'Dr.', 'Curt', 'Connors,', 'his', ""father's"", 'former', 'partner.', 'As', 'Spider-Man', 'is', 'set', 'on', 'a', 'collision', 'course', 'with', ""Connors'"", 'alter', 'ego,', 'The', 'Lizard,', 'Peter', 'will', 'make', 'life-altering', 'choices', 'to', 'use', 'his', 'powers', 'and', 'shape', 'his', 'destiny', 'to', 'become', 'a', 'hero.', 'Action', 'Adventure', 'Fantasy', 'lossoffather', 'vigilante', 'serum', 'marvelcomic', 'scientificexperiment', 'spiderbite', 'maskedvigilante', 'reboot', 'superpowers', 'geneticengineering', 'socialoutcast', 'duringcreditsstinger', 'AndrewGarfield', 'EmmaStone', 'RhysIfans', 'MarcWebb']"
20662,Robin Hood,"['When', 'soldier', 'Robin', 'happens', 'upon', 'the', 'dying', 'Robert', 'of', 'Loxley,', 'he', 'promises', 'to', 'return', 'the', ""man's"", 'sword', 'to', 'his', 'family', 'in', 'Nottingham.', 'There,', 'he', 'assumes', ""Robert's"", 'identity;', 'romances', 'his', 'widow,', 'Marion;', 'and', 'draws', 'the', 'ire', 'of', 'the', ""town's"", 'sheriff', 'and', 'King', ""John's"", 'henchman,', 'Godfrey.', 'Action', 'Adventure', 'robinhood', 'archer', 'knight', 'sherwoodforest', 'bowandarrow', 'middleages', 'medieval', 'kingofengland', 'RussellCrowe', 'CateBlanchett', 'MaxvonSydow', 'RidleyScott']"
57158,The Hobbit: The Desolation of Smaug,"['The', 'Dwarves,', 'Bilbo', 'and', 'Gandalf', 'have', 'successfully', 'escaped', 'the', 'Misty', 'Mountains,', 'and', 'Bilbo', 'has', 'gained', 'the', 'One', 'Ring.', 'They', 'all', 'continue', 'their', 'journey', 'to', 'get', 'their', 'gold', 'back', 'from', 'the', 'Dragon,', 'Smaug.', 'Adventure', 'Fantasy', 'elves', 'dwarves', 'orcs', 'hobbit', 'dragon', 'wizard', 'swordandsorcery', 'MartinFreeman', 'IanMcKellen', 'RichardArmitage', 'PeterJackson']"
2268,The Golden Compass,"['After', 'overhearing', 'a', 'shocking', 'secret,', 'precocious', 'orphan', 'Lyra', 'Belacqua', 'trades', 'her', 'carefree', 'existence', 'roaming', 'the', 'halls', 'of', 'Jordan', 'College', 'for', 'an', 'otherworldly', 'adventure', 'in', 'the', 'far', 'North,', 'unaware', 'that', ""it's"", 'part', 'of', 'her', 'destiny.', 'Adventure', 'Fantasy', 'england', 'compass', 'experiment', 'lordship', 'uncle', 'polarbear', 'orphan', 'animal', 'basedonyoungadultnovel', 'DakotaBlueRichards', 'NicoleKidman', 'DanielCraig', 'ChrisWeitz']"
254,King Kong,"['In', '1933', 'New', 'York,', 'an', 'overly', 'ambitious', 'movie', 'producer', 'coerces', 'his', 'cast', 'and', 'hired', 'ship', 'crew', 'to', 'travel', 'to', 'mysterious', 'Skull', 'Island,', 'where', 'they', 'encounter', 'Kong,', 'a', 'giant', 'ape', 'who', 'is', 'immediately', 'smitten', 'with', 'the', 'leading', 'lady.', 'Adventure', 'Drama', 'Action', 'filmbusiness', 'screenplay', 'showbusiness', 'filmmaking', 'filmproducer', 'exoticisland', 'monster', 'indigenous', 'ship', 'dinosaur', 'NaomiWatts', 'JackBlack', 'AdrienBrody', 'PeterJackson']"
597,Titanic,"['84', 'years', 'later,', 'a', '101-year-old', 'woman', 'named', 'Rose', 'DeWitt', 'Bukater', 'tells', 'the', 'story', 'to', 'her', 'granddaughter', 'Lizzy', 'Calvert,', 'Brock', 'Lovett,', 'Lewis', 'Bodine,', 'Bobby', 'Buell', 'and', 'Anatoly', 'Mikailavich', 'on', 'the', 'Keldysh', 'about', 'her', 'life', 'set', 'in', 'April', '10th', '1912,', 'on', 'a', 'ship', 'called', 'Titanic', 'when', 'young', 'Rose', 'boards', 'the', 'departing', 'ship', 'with', 'the', 'upper-class', 'passengers', 'and', 'her', 'mother,', 'Ruth', 'DeWitt', 'Bukater,', 'and', 'her', 'fiancé,', 'Caledon', 'Hockley.', 'Meanwhile,', 'a', 'drifter', 'and', 'artist', 'named', 'Jack', 'Dawson', 'and', 'his', 'best', 'friend', 'Fabrizio', 'De', 'Rossi', 'win', 'third-class', 'tickets', 'to', 'the', 'ship', 'in', 'a', 'game.', 'And', 'she', 'explains', 'the', 'whole', 'story', 'from', 'departure', 'until', 'the', 'death', 'of', 'Titanic', 'on', 'its', 'first', 'and', 'last', 'voyage', 'April', '15th,', '1912', 'at', '2:20', 'in', 'the', 'morning.', 'Drama', 'Romance', 'Thriller', 'shipwreck', 'iceberg', 'ship', 'panic', 'titanic', 'oceanliner', 'epic', 'richwoman-poorman', 'love', 'disaster', 'tragiclove', 'classdifferences', 'imax', 'starcrossedlovers', 'steerage', 'salvage', 'richsnob', '3d', '1910s', 'KateWinslet', 'LeonardoDiCaprio', 'FrancesFisher', 'JamesCameron']"
271110,Captain America: Civil War,"['Following', 'the', 'events', 'of', 'Age', 'of', 'Ultron,', 'the', 'collective', 'governments', 'of', 'the', 'world', 'pass', 'an', 'act', 'designed', 'to', 'regulate', 'all', 'superhuman', 'activity.', 'This', 'polarizes', 'opinion', 'amongst', 'the', 'Avengers,', 'causing', 'two', 'factions', 'to', 'side', 'with', 'Iron', 'Man', 'or', 'Captain', 'America,', 'which', 'causes', 'an', 'epic', 'battle', 'between', 'former', 'allies.', 'Adventure', 'Action', 'ScienceFiction', 'civilwar', 'war', 'marvelcomic', 'sequel', 'superhero', 'basedoncomicbook', 'imax', 'aftercreditsstinger', 'duringcreditsstinger', 'marvelcinematicuniverse', '3d', 'ChrisEvans', 'RobertDowneyJr.', 'ScarlettJohansson', 'AnthonyRusso', 'JoeRusso']"
44833,Battleship,"['When', 'mankind', 'beams', 'a', 'radio', 'signal', 'into', 'space,', 'a', 'reply', 'comes', 'from', '‘Planet', 'G’,', 'in', 'the', 'form', 'of', 'several', 'alien', 'crafts', 'that', 'splash', 'down', 'in', 'the', 'waters', 'off', 'Hawaii.', 'Lieutenant', 'Alex', 'Hopper', 'is', 'a', 'weapons', 'officer', 'assigned', 'to', 'the', 'USS', 'John', 'Paul', 'Jones,', 'part', 'of', 'an', 'international', 'naval', 'coalition', 'which', 'becomes', 'the', ""world's"", 'last', 'hope', 'for', 'survival', 'as', 'they', 'engage', 'the', 'hostile', 'alien', 'force', 'of', 'unimaginable', 'strength.', 'While', 'taking', 'on', 'the', 'invaders,', 'Hopper', 'must', 'also', 'try', 'to', 'live', 'up', 'to', 'the', 'potential', 'his', 'brother,', 'and', 'his', ""fiancée's"", 'father,', 'Admiral', 'Shane,', 'expect', 'of', 'him.', 'Thriller', 'Action', 'Adventure', 'ScienceFiction', 'fight', 'u.s.navy', 'mindreading', 'hongkong', 'soccer', 'scientist', 'fictionalwar', 'naval', 'armada', 'battleship', 'navalcombat', 'jdsmyoko', 'lostcommunication', 'taser', 'buoy', 'communicationsexpert', 'jointchiefsofstaff', 'crashlanding', 'jetfighterpilot', 'navylieutenant', 'permissiontomarry', 'ussjohnpauljones', 'basedonboardgame', 'aftercreditsstinger', 'mightymo', 'ussmissouri', 'TaylorKitsch', 'AlexanderSkarsgård', 'Rihanna', 'PeterBerg']"
135397,Jurassic World,"['Twenty-two', 'years', 'after', 'the', 'events', 'of', 'Jurassic', 'Park,', 'Isla', 'Nublar', 'now', 'features', 'a', 'fully', 'functioning', 'dinosaur', 'theme', 'park,', 'Jurassic', 'World,', 'as', 'originally', 'envisioned', 'by', 'John', 'Hammond.', 'Action', 'Adventure', 'ScienceFiction', 'Thriller', 'monster', 'dna', 'tyrannosaurusrex', 'velociraptor', 'island', 'sequel', 'suspense', 'disaster', 'escape', 'dinosaur', 'amusementpark', 'animalattack', 'themepark', 'jurassicpark', '3d', 'animalhorror', 'ChrisPratt', 'BryceDallasHoward', 'IrrfanKhan', 'ColinTrevorrow']"
37724,Skyfall,"['When', ""Bond's"", 'latest', 'assignment', 'goes', 'gravely', 'wrong', 'and', 'agents', 'around', 'the', 'world', 'are', 'exposed,', 'MI6', 'is', 'attacked', 'forcing', 'M', 'to', 'relocate', 'the', 'agency.', 'These', 'events', 'cause', 'her', 'authority', 'and', 'position', 'to', 'be', 'challenged', 'by', 'Gareth', 'Mallory,', 'the', 'new', 'Chairman', 'of', 'the', 'Intelligence', 'and', 'Security', 'Committee.', 'With', 'MI6', 'now', 'compromised', 'from', 'both', 'inside', 'and', 'out,', 'M', 'is', 'left', 'with', 'one', 'ally', 'she', 'can', 'trust:', 'Bond.', '007', 'takes', 'to', 'the', 'shadows', '-', 'aided', 'only', 'by', 'field', 'agent,', 'Eve', '-', 'following', 'a', 'trail', 'to', 'the', 'mysterious', 'Silva,', 'whose', 'lethal', 'and', 'hidden', 'motives', 'have', 'yet', 'to', 'reveal', 'themselves.', 'Action', 'Adventure', 'Thriller', 'spy', 'secretagent', 'sociopath', 'killer', 'artgallery', 'britishsecretservice', 'istanbulturkey', 'imax', 'uzi', 'boobytrap', 'impersonatingapoliceofficer', 'macao', 'DanielCraig', 'JudiDench', 'JavierBardem', 'SamMendes']"
558,Spider-Man 2,"['Peter', 'Parker', 'is', 'going', 'through', 'a', 'major', 'identity', 'crisis.', 'Burned', 'out', 'from', 'being', 'Spider-Man,', 'he', 'decides', 'to', 'shelve', 'his', 'superhero', 'alter', 'ego,', 'which', 'leaves', 'the', 'city', 'suffering', 'in', 'the', 'wake', 'of', 'carnage', 'left', 'by', 'the', 'evil', 'Doc', 'Ock.', 'In', 'the', 'meantime,', 'Parker', 'still', ""can't"", 'act', 'on', 'his', 'feelings', 'for', 'Mary', 'Jane', 'Watson,', 'a', 'girl', ""he's"", 'loved', 'since', 'childhood.', 'Action', 'Adventure', 'Fantasy', 'dualidentity', ""loveofone'slife"", 'pizzaboy', 'marvelcomic', 'sequel', 'superhero', 'doctor', 'scientist', 'tentacle', 'death', 'supervillain', 'TobeyMaguire', 'KirstenDunst', 'JamesFranco', 'SamRaimi']"
68721,Iron Man 3,"['When', 'Tony', ""Stark's"", 'world', 'is', 'torn', 'apart', 'by', 'a', 'formidable', 'terrorist', 'called', 'the', 'Mandarin,', 'he', 'starts', 'an', 'odyssey', 'of', 'rebuilding', 'and', 'retribution.', 'Action', 'Adventure', 'ScienceFiction', 'terrorist', 'waronterror', 'tennessee', 'malibu', 'marvelcomic', 'superhero', 'basedoncomicbook', 'tonystark', 'ironman', 'aftercreditsstinger', 'marvelcinematicuniverse', 'mandarin', '3d', 'warmachine', 'ironpatriot', 'extremis', 'RobertDowneyJr.', 'GwynethPaltrow', 'DonCheadle', 'ShaneBlack']"
12155,Alice in Wonderland,"['Alice,', 'an', 'unpretentious', 'and', 'individual', '19-year-old,', 'is', 'betrothed', 'to', 'a', 'dunce', 'of', 'an', 'English', 'nobleman.', 'At', 'her', 'engagement', 'party,', 'she', 'escapes', 'the', 'crowd', 'to', 'consider', 'whether', 'to', 'go', 'through', 'with', 'the', 'marriage', 'and', 'falls', 'down', 'a', 'hole', 'in', 'the', 'garden', 'after', 'spotting', 'an', 'unusual', 'rabbit.', 'Arriving', 'in', 'a', 'strange', 'and', 'surreal', 'place', 'called', ""'Underland,'"", 'she', 'finds', 'herself', 'in', 'a', 'world', 'that', 'resembles', 'the', 'nightmares', 'she', 'had', 'as', 'a', 'child,', 'filled', 'with', 'talking', 'animals,', 'villainous', 'queens', 'and', 'knights,', 'and', 'frumious', 'bandersnatches.', 'Alice', 'realizes', 'that', 'she', 'is', 'there', 'for', 'a', 'reason', '–', 'to', 'conquer', 'the', 'horrific', 'Jabberwocky', 'and', 'restore', 'the', 'rightful', 'queen', 'to', 'her', 'throne.', 'Family', 'Fantasy', 'Adventure', 'basedonnovel', 'fictionalplace', 'queen', 'fantasy', 'aliceinwonderland', 'fantasyworld', '3d', 'MiaWasikowska', 'JohnnyDepp', 'AnneHathaway', 'TimBurton']"
36668,X-Men: The Last Stand,"['When', 'a', 'cure', 'is', 'found', 'to', 'treat', 'mutations,', 'lines', 'are', 'drawn', 'amongst', 'the', 'X-Men', 'and', 'The', 'Brotherhood,', 'a', 'band', 'of', 'powerful', 'mutants', 'organized', 'under', ""Xavier's"", 'former', 'ally,', 'Magneto.', 'Adventure', 'Action', 'ScienceFiction', 'Thriller', 'mutant', 'marvelcomic', 'basedoncomicbook', 'superhuman', 'beast', 'cyclops', 'aftercreditsstinger', 'HughJackman', 'HalleBerry', 'IanMcKellen', 'BrettRatner']"
62211,Monsters University,"['A', 'look', 'at', 'the', 'relationship', 'between', 'Mike', 'and', 'Sulley', 'during', 'their', 'days', 'at', 'Monsters', 'University', '—', 'when', 'they', ""weren't"", 'necessarily', 'the', 'best', 'of', 'friends.', 'Animation', 'Family', 'monster', 'dormitory', 'games', 'animation', 'bestfriend', 'university', 'scary', 'aftercreditsstinger', 'BillyCrystal', 'JohnGoodman', 'SteveBuscemi', 'DanScanlon']"
8373,Transformers: Revenge of the Fallen,"['Sam', 'Witwicky', 'leaves', 'the', 'Autobots', 'behind', 'for', 'a', 'normal', 'life.', 'But', 'when', 'his', 'mind', 'is', 'filled', 'with', 'cryptic', 'symbols,', 'the', 'Decepticons', 'target', 'him', 'and', 'he', 'is', 'dragged', 'back', 'into', 'the', ""Transformers'"", 'war.', 'ScienceFiction', 'Action', 'Adventure', 'egypt', 'sun', 'chaos', 'symbol', 'artifact', 'transformers', 'tank', 'robot', 'imax', 'duringcreditsstinger', 'ShiaLaBeouf', 'MeganFox', 'JoshDuhamel', 'MichaelBay']"
91314,Transformers: Age of Extinction,"['As', 'humanity', 'picks', 'up', 'the', 'pieces,', 'following', 'the', 'conclusion', 'of', '""Transformers:', 'Dark', 'of', 'the', 'Moon,""', 'Autobots', 'and', 'Decepticons', 'have', 'all', 'but', 'vanished', 'from', 'the', 'face', 'of', 'the', 'planet.', 'However,', 'a', 'group', 'of', 'powerful,', 'ingenious', 'businessman', 'and', 'scientists', 'attempt', 'to', 'learn', 'from', 'past', 'Transformer', 'incursions', 'and', 'push', 'the', 'boundaries', 'of', 'technology', 'beyond', 'what', 'they', 'can', 'control', '-', 'all', 'while', 'an', 'ancient,', 'powerful', 'Transformer', 'menace', 'sets', 'Earth', 'in', 'his', 'cross-hairs.', 'ScienceFiction', 'Action', 'Adventure', 'sequel', 'alien', 'transformers', 'giantrobot', 'robot', 'imax', 'transformingrobot', 'MarkWahlberg', 'StanleyTucci', 'KelseyGrammer', 'MichaelBay']"
68728,Oz: The Great and Powerful,"['Oscar', 'Diggs,', 'a', 'small-time', 'circus', 'illusionist', 'and', 'con-artist,', 'is', 'whisked', 'from', 'Kansas', 'to', 'the', 'Land', 'of', 'Oz', 'where', 'the', 'inhabitants', 'assume', ""he's"", 'the', 'great', 'wizard', 'of', 'prophecy,', 'there', 'to', 'save', 'Oz', 'from', 'the', 'clutches', 'of', 'evil.', 'Fantasy', 'Adventure', 'Family', 'circus', 'witch', 'magic', 'hope', 'illusion', 'lost', 'magictrick', 'wizard', '3d', 'JamesFranco', 'MilaKunis', 'RachelWeisz', 'SamRaimi']"
102382,The Amazing Spider-Man 2,"['For', 'Peter', 'Parker,', 'life', 'is', 'busy.', 'Between', 'taking', 'out', 'the', 'bad', 'guys', 'as', 'Spider-Man', 'and', 'spending', 'time', 'with', 'the', 'person', 'he', 'loves,', 'Gwen', 'Stacy,', 'high', 'school', 'graduation', 'cannot', 'come', 'quickly', 'enough.', 'Peter', 'has', 'not', 'forgotten', 'about', 'the', 'promise', 'he', 'made', 'to', 'Gwen’s', 'father', 'to', 'protect', 'her', 'by', 'staying', 'away,', 'but', 'that', 'is', 'a', 'promise', 'he', 'cannot', 'keep.', 'Things', 'will', 'change', 'for', 'Peter', 'when', 'a', 'new', 'villain,', 'Electro,', 'emerges,', 'an', 'old', 'friend,', 'Harry', 'Osborn,', 'returns,', 'and', 'Peter', 'uncovers', 'new', 'clues', 'about', 'his', 'past.', 'Action', 'Adventure', 'Fantasy', 'obsession', 'marvelcomic', 'sequel', 'basedoncomicbook', 'electrocution', 'medicalexperiment', 'electricity', 'superpowers', 'AndrewGarfield', 'EmmaStone', 'JamieFoxx', 'MarcWebb']"
20526,TRON: Legacy,"['Sam', 'Flynn,', 'the', 'tech-savvy', 'and', 'daring', 'son', 'of', 'Kevin', 'Flynn,', 'investigates', 'his', ""father's"", 'disappearance', 'and', 'is', 'pulled', 'into', 'The', 'Grid.', 'With', 'the', 'help', 'of', 'a', 'mysterious', 'program', 'named', 'Quorra,', 'Sam', 'quests', 'to', 'stop', 'evil', 'dictator', 'Clu', 'from', 'crossing', 'into', 'the', 'real', 'world.', 'Adventure', 'Action', 'ScienceFiction', 'artificialintelligence', 'secretidentity', 'computerprogram', 'dystopia', 'computer', 'deception', 'duel', 'motorcycle', 'neonlight', 'autocracy', 'GarrettHedlund', 'JeffBridges', 'OliviaWilde', 'JosephKosinski']"
49013,Cars 2,"['Star', 'race', 'car', 'Lightning', 'McQueen', 'and', 'his', 'pal', 'Mater', 'head', 'overseas', 'to', 'compete', 'in', 'the', 'World', 'Grand', 'Prix', 'race.', 'But', 'the', 'road', 'to', 'the', 'championship', 'becomes', 'rocky', 'as', 'Mater', 'gets', 'caught', 'up', 'in', 'an', 'intriguing', 'adventure', 'of', 'his', 'own:', 'international', 'espionage.', 'Animation', 'Family', 'Adventure', 'Comedy', 'carrace', 'sequel', 'comedy', 'anthropomorphism', 'bestfriend', 'duringcreditsstinger', 'OwenWilson', 'LarrytheCableGuy', 'MichaelCaine', 'JohnLasseter', 'BradLewis']"
44912,Green Lantern,"['For', 'centuries,', 'a', 'small', 'but', 'powerful', 'force', 'of', 'warriors', 'called', 'the', 'Green', 'Lantern', 'Corps', 'has', 'sworn', 'to', 'keep', 'intergalactic', 'order.', 'Each', 'Green', 'Lantern', 'wears', 'a', 'ring', 'that', 'grants', 'him', 'superpowers.', 'But', 'when', 'a', 'new', 'enemy', 'called', 'Parallax', 'threatens', 'to', 'destroy', 'the', 'balance', 'of', 'power', 'in', 'the', 'Universe,', 'their', 'fate', 'and', 'the', 'fate', 'of', 'Earth', 'lie', 'in', 'the', 'hands', 'of', 'the', 'first', 'human', 'ever', 'recruited.', 'Adventure', 'Action', 'Thriller', 'ScienceFiction', 'dccomics', 'transformation', 'superhero', 'alien', 'alieninfection', 'magicalobject', 'protector', 'superpowers', 'origin', '3d', 'RyanReynolds', 'BlakeLively', 'PeterSarsgaard', 'MartinCampbell']"
10193,Toy Story 3,"['Woody,', 'Buzz,', 'and', 'the', 'rest', 'of', ""Andy's"", 'toys', ""haven't"", 'been', 'played', 'with', 'in', 'years.', 'With', 'Andy', 'about', 'to', 'go', 'to', 'college,', 'the', 'gang', 'find', 'themselves', 'accidentally', 'left', 'at', 'a', 'nefarious', 'day', 'care', 'center.', 'The', 'toys', 'must', 'band', 'together', 'to', 'escape', 'and', 'return', 'home', 'to', 'Andy.', 'Animation', 'Family', 'Comedy', 'hostage', 'college', 'toy', 'barbie', 'animation', 'escape', 'daycare', 'teddybear', 'duringcreditsstinger', 'toycomestolife', 'personification', 'inanimateobjectscomingtolife', 'toystory', 'TomHanks', 'TimAllen', 'NedBeatty', 'LeeUnkrich']"
534,Terminator Salvation,"['All', 'grown', 'up', 'in', 'post-apocalyptic', '2018,', 'John', 'Connor', 'must', 'lead', 'the', 'resistance', 'of', 'humans', 'against', 'the', 'increasingly', 'dominating', 'militaristic', 'robots.', 'But', 'when', 'Marcus', 'Wright', 'appears,', 'his', 'existence', 'confuses', 'the', 'mission', 'as', 'Connor', 'tries', 'to', 'determine', 'whether', 'Wright', 'has', 'come', 'from', 'the', 'future', 'or', 'the', 'past', '--', 'and', 'whether', ""he's"", 'friend', 'or', 'foe.', 'Action', 'ScienceFiction', 'Thriller', 'savingtheworld', 'artificialintelligence', 'prophecy', 'sanfrancisco', 'cyborg', 'killerrobot', 'gasstation', 'post-apocalyptic', 'dystopia', 'army', 'firearm', 'wartime', 'losangeles', 'ChristianBale', 'SamWorthington', 'AntonYelchin', 'McG']"
168259,Furious 7,"['Deckard', 'Shaw', 'seeks', 'revenge', 'against', 'Dominic', 'Toretto', 'and', 'his', 'family', 'for', 'his', 'comatose', 'brother.', 'Action', 'carrace', 'speed', 'revenge', 'suspense', 'car', 'race', 'musclecar', 'VinDiesel', 'PaulWalker', 'DwayneJohnson', 'JamesWan']"
72190,World War Z,"['Life', 'for', 'former', 'United', 'Nations', 'investigator', 'Gerry', 'Lane', 'and', 'his', 'family', 'seems', 'content.', 'Suddenly,', 'the', 'world', 'is', 'plagued', 'by', 'a', 'mysterious', 'infection', 'turning', 'whole', 'human', 'populations', 'into', 'rampaging', 'mindless', 'zombies.', 'After', 'barely', 'escaping', 'the', 'chaos,', 'Lane', 'is', 'persuaded', 'to', 'go', 'on', 'a', 'mission', 'to', 'investigate', 'this', 'disease.', 'What', 'follows', 'is', 'a', 'perilous', 'trek', 'around', 'the', 'world', 'where', 'Lane', 'must', 'brave', 'horrific', 'dangers', 'and', 'long', 'odds', 'to', 'find', 'answers', 'before', 'human', 'civilization', 'falls.', 'Action', 'Drama', 'Horror', 'ScienceFiction', 'Thriller', 'dystopia', 'apocalypse', 'zombie', 'nuclearweapons', 'multipleperspectives', 'zombieapocalypse', 'BradPitt', 'MireilleEnos', 'AbigailHargrove', 'MarcForster']"
127585,X-Men: Days of Future Past,"['The', 'ultimate', 'X-Men', 'ensemble', 'fights', 'a', 'war', 'for', 'the', 'survival', 'of', 'the', 'species', 'across', 'two', 'time', 'periods', 'as', 'they', 'join', 'forces', 'with', 'their', 'younger', 'selves', 'in', 'an', 'epic', 'battle', 'that', 'must', 'change', 'the', 'past', '–', 'to', 'save', 'our', 'future.', 'Action', 'Adventure', 'Fantasy', 'ScienceFiction', '1970s', 'mutant', 'timetravel', 'marvelcomic', 'basedoncomicbook', 'superhuman', 'storm', 'beast', 'aftercreditsstinger', 'changingthepastorfuture', 'HughJackman', 'JamesMcAvoy', 'MichaelFassbender', 'BryanSinger']"
54138,Star Trek Into Darkness,"['When', 'the', 'crew', 'of', 'the', 'Enterprise', 'is', 'called', 'back', 'home,', 'they', 'find', 'an', 'unstoppable', 'force', 'of', 'terror', 'from', 'within', 'their', 'own', 'organization', 'has', 'detonated', 'the', 'fleet', 'and', 'everything', 'it', 'stands', 'for,', 'leaving', 'our', 'world', 'in', 'a', 'state', 'of', 'crisis.', 'With', 'a', 'personal', 'score', 'to', 'settle,', 'Captain', 'Kirk', 'leads', 'a', 'manhunt', 'to', 'a', 'war-zone', 'world', 'to', 'capture', 'a', 'one', 'man', 'weapon', 'of', 'mass', 'destruction.', 'As', 'our', 'heroes', 'are', 'propelled', 'into', 'an', 'epic', 'chess', 'game', 'of', 'life', 'and', 'death,', 'love', 'will', 'be', 'challenged,', 'friendships', 'will', 'be', 'torn', 'apart,', 'and', 'sacrifices', 'must', 'be', 'made', 'for', 'the', 'only', 'family', 'Kirk', 'has', 'left:', 'his', 'crew.', 'Action', 'Adventure', 'ScienceFiction', 'spacecraft', 'friendship', 'sequel', 'futuristic', 'space', 'alien', 'imax', 'spaceopera', 'terroristbombing', '3d', 'ChrisPine', 'ZacharyQuinto', 'ZoeSaldana', 'J.J.Abrams']"
81005,Jack the Giant Slayer,"['The', 'story', 'of', 'an', 'ancient', 'war', 'that', 'is', 'reignited', 'when', 'a', 'young', 'farmhand', 'unwittingly', 'opens', 'a', 'gateway', 'between', 'our', 'world', 'and', 'a', 'fearsome', 'race', 'of', 'giants.', 'Unleashed', 'on', 'the', 'Earth', 'for', 'the', 'first', 'time', 'in', 'centuries,', 'the', 'giants', 'strive', 'to', 'reclaim', 'the', 'land', 'they', 'once', 'lost,', 'forcing', 'the', 'young', 'man,', 'Jack', 'into', 'the', 'battle', 'of', 'his', 'life', 'to', 'stop', 'them.', 'Fighting', 'for', 'a', 'kingdom,', 'its', 'people,', 'and', 'the', 'love', 'of', 'a', 'brave', 'princess,', 'he', 'comes', 'face', 'to', 'face', 'with', 'the', 'unstoppable', 'warriors', 'he', 'thought', 'only', 'existed', 'in', 'legend–and', 'gets', 'the', 'chance', 'to', 'become', 'a', 'legend', 'himself.', 'Action', 'Family', 'Fantasy', 'basedonfairytale', 'giant', 'NicholasHoult', 'EleanorTomlinson', 'EwanMcGregor', 'BryanSinger']"
64682,The Great Gatsby,"['An', 'adaptation', 'of', 'F.', 'Scott', ""Fitzgerald's"", 'Long', 'Island-set', 'novel,', 'where', 'Midwesterner', 'Nick', 'Carraway', 'is', 'lured', 'into', 'the', 'lavish', 'world', 'of', 'his', 'neighbor,', 'Jay', 'Gatsby.', 'Soon', 'enough,', 'however,', 'Carraway', 'will', 'see', 'through', 'the', 'cracks', 'of', ""Gatsby's"", 'nouveau', 'riche', 'existence,', 'where', 'obsession,', 'madness,', 'and', 'tragedy', 'await.', 'Drama', 'Romance', 'basedonnovel', 'infidelity', 'obsession', 'hope', '3d', 'LeonardoDiCaprio', 'TobeyMaguire', 'CareyMulligan', 'BazLuhrmann']"
9543,Prince of Persia: The Sands of Time,"['A', 'rogue', 'prince', 'reluctantly', 'joins', 'forces', 'with', 'a', 'mysterious', 'princess', 'and', 'together,', 'they', 'race', 'against', 'dark', 'forces', 'to', 'safeguard', 'an', 'ancient', 'dagger', 'capable', 'of', 'releasing', 'the', 'Sands', 'of', 'Time', '–', 'gift', 'from', 'the', 'gods', 'that', 'can', 'reverse', 'time', 'and', 'allow', 'its', 'possessor', 'to', 'rule', 'the', 'world.', 'Adventure', 'Fantasy', 'Action', 'Romance', 'persia', 'sandstorm', 'brotheragainstbrother', 'armageddon', 'regent', 'basedonvideogame', 'JakeGyllenhaal', 'GemmaArterton', 'BenKingsley', 'MikeNewell']"
68726,Pacific Rim,"['When', 'legions', 'of', 'monstrous', 'creatures,', 'known', 'as', 'Kaiju,', 'started', 'rising', 'from', 'the', 'sea,', 'a', 'war', 'began', 'that', 'would', 'take', 'millions', 'of', 'lives', 'and', 'consume', ""humanity's"", 'resources', 'for', 'years', 'on', 'end.', 'To', 'combat', 'the', 'giant', 'Kaiju,', 'a', 'special', 'type', 'of', 'weapon', 'was', 'devised:', 'massive', 'robots,', 'called', 'Jaegers,', 'which', 'are', 'controlled', 'simultaneously', 'by', 'two', 'pilots', 'whose', 'minds', 'are', 'locked', 'in', 'a', 'neural', 'bridge.', 'But', 'even', 'the', 'Jaegers', 'are', 'proving', 'nearly', 'defenseless', 'in', 'the', 'face', 'of', 'the', 'relentless', 'Kaiju.', 'On', 'the', 'verge', 'of', 'defeat,', 'the', 'forces', 'defending', 'mankind', 'have', 'no', 'choice', 'but', 'to', 'turn', 'to', 'two', 'unlikely', 'heroes—a', 'washed-up', 'former', 'pilot', '(Charlie', 'Hunnam)', 'and', 'an', 'untested', 'trainee', '(Rinko', 'Kikuchi)—who', 'are', 'teamed', 'to', 'drive', 'a', 'legendary', 'but', 'seemingly', 'obsolete', 'Jaeger', 'from', 'the', 'past.', 'Together,', 'they', 'stand', 'as', ""mankind's"", 'last', 'hope', 'against', 'the', 'mounting', 'apocalypse.', 'Action', 'ScienceFiction', 'Adventure', 'dystopia', 'giantrobot', 'giantmonster', 'apocalypse', 'imax', 'duringcreditsstinger', '3d', 'IdrisElba', 'CharlieHunnam', 'CharlieDay', 'GuillermodelToro']"
38356,Transformers: Dark of the Moon,"['Sam', 'Witwicky', 'takes', 'his', 'first', 'tenuous', 'steps', 'into', 'adulthood', 'while', 'remaining', 'a', 'reluctant', 'human', 'ally', 'of', 'Autobot-leader', 'Optimus', 'Prime.', 'The', 'film', 'centers', 'around', 'the', 'space', 'race', 'between', 'the', 'USSR', 'and', 'the', 'USA,', 'suggesting', 'there', 'was', 'a', 'hidden', 'Transformers', 'role', 'in', 'it', 'all', 'that', 'remains', 'one', 'of', 'the', ""planet's"", 'most', 'dangerous', 'secrets.', 'Action', 'ScienceFiction', 'Adventure', 'moon', 'spacecraft', 'traitor', 'bodyguard', 'alienplanet', 'basedoncartoon', 'transformers', 'giantrobot', 'sabotage', 'worddomination', 'commando', 'duringcreditsstinger', 'ShiaLaBeouf', 'JohnMalkovich', 'KenJeong', 'MichaelBay']"
217,Indiana Jones and the Kingdom of the Crystal Skull,"['Set', 'during', 'the', 'Cold', 'War,', 'the', 'Soviets', '–', 'led', 'by', 'sword-wielding', 'Irina', 'Spalko', '–', 'are', 'in', 'search', 'of', 'a', 'crystal', 'skull', 'which', 'has', 'supernatural', 'powers', 'related', 'to', 'a', 'mystical', 'Lost', 'City', 'of', 'Gold.', 'After', 'being', 'captured', 'and', 'then', 'escaping', 'from', 'them,', 'Indy', 'is', 'coerced', 'to', 'head', 'to', 'Peru', 'at', 'the', 'behest', 'of', 'a', 'young', 'man', 'whose', 'friend', '–', 'and', ""Indy's"", 'colleague', '–', 'Professor', 'Oxley', 'has', 'been', 'captured', 'for', 'his', 'knowledge', 'of', 'the', ""skull's"", 'whereabouts.', 'Adventure', 'Action', 'savingtheworld', 'riddle', 'whip', 'treasure', 'mexicocity', 'leatherjacket', 'machinegun', 'alienphenomenons', 'mayacivilization', 'peru', 'treasurehunt', 'nuclearexplosion', 'refrigerator', 'archaeologist', 'indianajones', 'archeology\xa0', 'HarrisonFord', 'CateBlanchett', 'ShiaLaBeouf', 'StevenSpielberg']"
105864,The Good Dinosaur,"['An', 'epic', 'journey', 'into', 'the', 'world', 'of', 'dinosaurs', 'where', 'an', 'Apatosaurus', 'named', 'Arlo', 'makes', 'an', 'unlikely', 'human', 'friend.', 'Adventure', 'Animation', 'Family', 'tyrannosaurusrex', 'friends', 'alternatehistory', 'dinosaur', 'fear', 'storm', 'nature', 'human', 'journey', 'RaymondOchoa', 'JackBright', 'JeffreyWright', 'PeterSohn']"
62177,Brave,"['Brave', 'is', 'set', 'in', 'the', 'mystical', 'Scottish', 'Highlands,', 'where', 'Mérida', 'is', 'the', 'princess', 'of', 'a', 'kingdom', 'ruled', 'by', 'King', 'Fergus', 'and', 'Queen', 'Elinor.', 'An', 'unruly', 'daughter', 'and', 'an', 'accomplished', 'archer,', 'Mérida', 'one', 'day', 'defies', 'a', 'sacred', 'custom', 'of', 'the', 'land', 'and', 'inadvertently', 'brings', 'turmoil', 'to', 'the', 'kingdom.', 'In', 'an', 'attempt', 'to', 'set', 'things', 'right,', 'Mérida', 'seeks', 'out', 'an', 'eccentric', 'old', 'Wise', 'Woman', 'and', 'is', 'granted', 'an', 'ill-fated', 'wish.', 'Also', 'figuring', 'into', 'Mérida’s', 'quest', '—', 'and', 'serving', 'as', 'comic', 'relief', '—', 'are', 'the', 'kingdom’s', 'three', 'lords:', 'the', 'enormous', 'Lord', 'MacGuffin,', 'the', 'surly', 'Lord', 'Macintosh,', 'and', 'the', 'disagreeable', 'Lord', 'Dingwall.', 'Animation', 'Adventure', 'Comedy', 'Family', 'Action', 'Fantasy', 'scotland', 'rebel', 'bravery', 'kingdom', 'archer', 'wish', 'bear', 'scot', 'rebelliousdaughter', 'turnsintoanimal', 'archery', 'ruins', 'aftercreditsstinger', 'peaceoffering', 'womandirector', 'courage', '3d', 'KellyMacdonald', 'JulieWalters', 'BillyConnolly', 'BrendaChapman', 'MarkAndrews', 'StevePurcell']"
188927,Star Trek Beyond,"['The', 'USS', 'Enterprise', 'crew', 'explores', 'the', 'furthest', 'reaches', 'of', 'uncharted', 'space,', 'where', 'they', 'encounter', 'a', 'mysterious', 'new', 'enemy', 'who', 'puts', 'them', 'and', 'everything', 'the', 'Federation', 'stands', 'for', 'to', 'the', 'test.', 'Action', 'Adventure', 'ScienceFiction', 'sequel', 'stranded', 'hatred', 'spaceopera', 'ChrisPine', 'ZacharyQuinto', 'KarlUrban', 'JustinLin']"
10681,WALL·E,"['WALL·E', 'is', 'the', 'last', 'robot', 'left', 'on', 'an', 'Earth', 'that', 'has', 'been', 'overrun', 'with', 'garbage', 'and', 'all', 'humans', 'have', 'fled', 'to', 'outer', 'space.', 'For', '700', 'years', 'he', 'has', 'continued', 'to', 'try', 'and', 'clean', 'up', 'the', 'mess,', 'but', 'has', 'developed', 'some', 'rather', 'interesting', 'human-like', 'qualities.', 'When', 'a', 'ship', 'arrives', 'with', 'a', 'sleek', 'new', 'type', 'of', 'robot,', 'WALL·E', 'thinks', ""he's"", 'finally', 'found', 'a', 'friend', 'and', 'stows', 'away', 'on', 'the', 'ship', 'when', 'it', 'leaves.', 'Animation', 'Family', 'romanticcomedy', 'BenBurtt', 'ElissaKnight', 'JeffGarlin', 'AndrewStanton']"
5174,Rush Hour 3,"['After', 'an', 'attempted', 'assassination', 'on', 'Ambassador', 'Han,', 'Inspector', 'Lee', 'and', 'Detective', 'Carter', 'are', 'back', 'in', 'action', 'as', 'they', 'head', 'to', 'Paris', 'to', 'protect', 'a', 'French', 'woman', 'with', 'knowledge', 'of', 'the', ""Triads'"", 'secret', 'leaders.', 'Lee', 'also', 'holds', 'secret', 'meetings', 'with', 'a', 'United', 'Nations', 'authority,', 'but', 'his', 'personal', 'struggles', 'with', 'a', 'Chinese', 'criminal', 'mastermind', 'named', 'Kenji,', 'which', 'reveals', 'that', ""it's"", ""Lee's"", 'long-lost...brother.', 'Action', 'Comedy', 'Crime', 'Thriller', 'ambassador', 'ChrisTucker', 'JackieChan', 'HiroyukiSanada', 'BrettRatner']"
14161,2012,"['Dr.', 'Adrian', 'Helmsley,', 'part', 'of', 'a', 'worldwide', 'geophysical', 'team', 'investigating', 'the', 'effect', 'on', 'the', 'earth', 'of', 'radiation', 'from', 'unprecedented', 'solar', 'storms,', 'learns', 'that', 'the', ""earth's"", 'core', 'is', 'heating', 'up.', 'He', 'warns', 'U.S.', 'President', 'Thomas', 'Wilson', 'that', 'the', 'crust', 'of', 'the', 'earth', 'is', 'becoming', 'unstable', 'and', 'that', 'without', 'proper', 'preparations', 'for', 'saving', 'a', 'fraction', 'of', 'the', ""world's"", 'population,', 'the', 'entire', 'race', 'is', 'doomed.', 'Meanwhile,', 'writer', 'Jackson', 'Curtis', 'stumbles', 'on', 'the', 'same', 'information.', 'While', 'the', ""world's"", 'leaders', 'race', 'to', 'build', '""arks""', 'to', 'escape', 'the', 'impending', 'cataclysm,', 'Curtis', 'struggles', 'to', 'find', 'a', 'way', 'to', 'save', 'his', 'family.', 'Meanwhile,', 'volcanic', 'eruptions', 'and', 'earthquakes', 'of', 'unprecedented', 'strength', 'wreak', 'havoc', 'around', 'the', 'world.', 'Action', 'Adventure', 'ScienceFiction', 'civilization', 'naturaldisaster', 'endoftheworld', 'disaster', 'apocalypse', 'destruction', 'volcaniceruption', 'mayan', 'ark', 'solar', 'destructionofmankind', 'JohnCusack', 'AmandaPeet', 'ChiwetelEjiofor', 'RolandEmmerich']"
17979,A Christmas Carol,"['Miser', 'Ebenezer', 'Scrooge', 'is', 'awakened', 'on', 'Christmas', 'Eve', 'by', 'spirits', 'who', 'reveal', 'to', 'him', 'his', 'own', 'miserable', 'existence,', 'what', 'opportunities', 'he', 'wasted', 'in', 'his', 'youth,', 'his', 'current', 'cruelties,', 'and', 'the', 'dire', 'fate', 'that', 'awaits', 'him', 'if', 'he', 'does', 'not', 'change', 'his', 'ways.', 'Scrooge', 'is', 'faced', 'with', 'his', 'own', 'story', 'of', 'growing', 'bitterness', 'and', 'meanness,', 'and', 'must', 'decide', 'what', 'his', 'own', 'future', 'will', 'hold:', 'death', 'or', 'redemption.', 'Animation', 'Drama', 'holiday', 'basedonnovel', 'victorianengland', 'money', 'christmaseve', 'scrooge', 'christmascarol', 'ghost', 'lesson', 'charlesdickens', 'christmas', 'GaryOldman', 'JimCarrey', 'SteveValentine', 'RobertZemeckis']"
76757,Jupiter Ascending,"['In', 'a', 'universe', 'where', 'human', 'genetic', 'material', 'is', 'the', 'most', 'precious', 'commodity,', 'an', 'impoverished', 'young', 'Earth', 'woman', 'becomes', 'the', 'key', 'to', 'strategic', 'maneuvers', 'and', 'internal', 'strife', 'within', 'a', 'powerful', 'dynasty…', 'ScienceFiction', 'Fantasy', 'Action', 'Adventure', 'jupiter', 'space', 'womandirector', '3d', 'interspeciesromance', 'MilaKunis', 'ChanningTatum', 'SeanBean', 'LillyWachowski', 'LanaWachowski']"
258489,The Legend of Tarzan,"['Tarzan,', 'having', 'acclimated', 'to', 'life', 'in', 'London,', 'is', 'called', 'back', 'to', 'his', 'former', 'home', 'in', 'the', 'jungle', 'to', 'investigate', 'the', 'activities', 'at', 'a', 'mining', 'encampment.', 'Action', 'Adventure', 'africa', 'feralchild', 'tarzan', 'jungle', 'animalattack', 'AlexanderSkarsgård', 'MargotRobbie', 'ChristophWaltz', 'DavidYates']"
411,"The Chronicles of Narnia: The Lion, the Witch and the Wardrobe","['Siblings', 'Lucy,', 'Edmund,', 'Susan', 'and', 'Peter', 'step', 'through', 'a', 'magical', 'wardrobe', 'and', 'find', 'the', 'land', 'of', 'Narnia.', 'There,', 'the', 'they', 'discover', 'a', 'charming,', 'once', 'peaceful', 'kingdom', 'that', 'has', 'been', 'plunged', 'into', 'eternal', 'winter', 'by', 'the', 'evil', 'White', 'Witch,', 'Jadis.', 'Aided', 'by', 'the', 'wise', 'and', 'magnificent', 'lion,', 'Aslan,', 'the', 'children', 'lead', 'Narnia', 'into', 'a', 'spectacular,', 'climactic', 'battle', 'to', 'be', 'free', 'of', 'the', ""Witch's"", 'glacial', 'powers', 'forever.', 'Adventure', 'Family', 'Fantasy', 'savingtheworld', 'witch', 'basedonnovel', 'brothersisterrelationship', 'selfsacrifice', 'winter', 'cupboard', 'beaver', 'lion', 'fairy-talefigure', 'battle', 'narnia', 'fantasyworld', 'duringcreditsstinger', 'WilliamMoseley', 'AnnaPopplewell', 'SkandarKeynes', 'AndrewAdamson']"
246655,X-Men: Apocalypse,"['After', 'the', 're-emergence', 'of', 'the', ""world's"", 'first', 'mutant,', 'world-destroyer', 'Apocalypse,', 'the', 'X-Men', 'must', 'unite', 'to', 'defeat', 'his', 'extinction', 'level', 'plan.', 'ScienceFiction', 'mutant', 'supernaturalpowers', 'marvelcomic', 'superhero', 'basedoncomicbook', 'superhuman', 'apocalypse', 'superheroteam', 'worlddomination', 'aftercreditsstinger', '1980s', 'JamesMcAvoy', 'MichaelFassbender', 'JenniferLawrence', 'BryanSinger']"
155,The Dark Knight,"['Batman', 'raises', 'the', 'stakes', 'in', 'his', 'war', 'on', 'crime.', 'With', 'the', 'help', 'of', 'Lt.', 'Jim', 'Gordon', 'and', 'District', 'Attorney', 'Harvey', 'Dent,', 'Batman', 'sets', 'out', 'to', 'dismantle', 'the', 'remaining', 'criminal', 'organizations', 'that', 'plague', 'the', 'streets.', 'The', 'partnership', 'proves', 'to', 'be', 'effective,', 'but', 'they', 'soon', 'find', 'themselves', 'prey', 'to', 'a', 'reign', 'of', 'chaos', 'unleashed', 'by', 'a', 'rising', 'criminal', 'mastermind', 'known', 'to', 'the', 'terrified', 'citizens', 'of', 'Gotham', 'as', 'the', 'Joker.', 'Drama', 'Action', 'Crime', 'Thriller', 'dccomics', 'crimefighter', 'secretidentity', 'scarecrow', 'sadism', 'chaos', 'gothamcity', 'vigilante', 'joker', 'superhero', 'basedoncomicbook', 'tragichero', 'organizedcrime', 'criminalmastermind', 'districtattorney', 'imax', 'supervillain', 'superpowers', 'batman', 'ChristianBale', 'HeathLedger', 'AaronEckhart', 'ChristopherNolan']"
14160,Up,"['Carl', 'Fredricksen', 'spent', 'his', 'entire', 'life', 'dreaming', 'of', 'exploring', 'the', 'globe', 'and', 'experiencing', 'life', 'to', 'its', 'fullest.', 'But', 'at', 'age', '78,', 'life', 'seems', 'to', 'have', 'passed', 'him', 'by,', 'until', 'a', 'twist', 'of', 'fate', '(and', 'a', 'persistent', '8-year', 'old', 'Wilderness', 'Explorer', 'named', 'Russell)', 'gives', 'him', 'a', 'new', 'lease', 'on', 'life.', 'Animation', 'Comedy', 'Family', 'Adventure', 'agedifference', 'centralandsouthamerica', 'balloon', 'animation', 'floatingintheair', 'duringcreditsstinger', 'exploring', 'EdAsner', 'ChristopherPlummer', 'JordanNagai', 'PeteDocter']"
15512,Monsters vs Aliens,"['When', 'Susan', 'Murphy', 'is', 'unwittingly', 'clobbered', 'by', 'a', 'meteor', 'full', 'of', 'outer', 'space', 'gunk', 'on', 'her', 'wedding', 'day,', 'she', 'mysteriously', 'grows', 'to', '49-feet-11-inches.', 'The', 'military', 'jumps', 'into', 'action', 'and', 'captures', 'Susan,', 'secreting', 'her', 'away', 'to', 'a', 'covert', 'government', 'compound.', 'She', 'is', 'renamed', 'Ginormica', 'and', 'placed', 'in', 'confinement', 'with', 'a', 'ragtag', 'group', 'of', 'Monsters...', 'Animation', 'Family', 'Adventure', 'ScienceFiction', 'alien', 'giantrobot', 'duringcreditsstinger', 'SethRogen', 'ReeseWitherspoon', 'HughLaurie', 'ConradVernon', 'RobLetterman']"
1726,Iron Man,"['After', 'being', 'held', 'captive', 'in', 'an', 'Afghan', 'cave,', 'billionaire', 'engineer', 'Tony', 'Stark', 'creates', 'a', 'unique', 'weaponized', 'suit', 'of', 'armor', 'to', 'fight', 'evil.', 'Action', 'ScienceFiction', 'Adventure', 'middleeast', 'armsdealer', 'malibu', 'marvelcomic', 'superhero', 'basedoncomicbook', 'tonystark', 'ironman', 'aftercreditsstinger', 'marvelcinematicuniverse', 'counterterrorism', 'agentcoulson', 'RobertDowneyJr.', 'TerrenceHoward', 'JeffBridges', 'JonFavreau']"
44826,Hugo,"['Hugo', 'is', 'an', 'orphan', 'boy', 'living', 'in', 'the', 'walls', 'of', 'a', 'train', 'station', 'in', '1930s', 'Paris.', 'He', 'learned', 'to', 'fix', 'clocks', 'and', 'other', 'gadgets', 'from', 'his', 'father', 'and', 'uncle', 'which', 'he', 'puts', 'to', 'use', 'keeping', 'the', 'train', 'station', 'clocks', 'running.', 'The', 'only', 'thing', 'that', 'he', 'has', 'left', 'that', 'connects', 'him', 'to', 'his', 'dead', 'father', 'is', 'an', 'automaton', '(mechanical', 'man)', 'that', ""doesn't"", 'work', 'without', 'a', 'special', 'key', 'which', 'Hugo', 'needs', 'to', 'find', 'to', 'unlock', 'the', 'secret', 'he', 'believes', 'it', 'contains.', 'On', 'his', 'adventures,', 'he', 'meets', 'with', 'a', 'shopkeeper,', 'George', 'Melies,', 'who', 'works', 'in', 'the', 'train', 'station', 'and', 'his', 'adventure-seeking', 'god-daughter.', 'Hugo', 'finds', 'that', 'they', 'have', 'a', 'surprising', 'connection', 'to', 'his', 'father', 'and', 'the', 'automaton,', 'and', 'he', 'discovers', 'it', 'unlocks', 'some', 'memories', 'the', 'old', 'man', 'has', 'buried', 'inside', 'regarding', 'his', 'past.', 'Adventure', 'Drama', 'Family', 'library', 'clock', 'filmdirector', 'key', 'toy', 'boy', 'love', 'orphan', 'robot', 'automaton', 'hiding', 'filmmaking', 'legbrace', 'doberman', '3d', 'BenKingsley', 'SachaBaronCohen', 'AsaButterfield', 'MartinScorsese']"
8487,Wild Wild West,"['Legless', 'Southern', 'inventor', 'Dr.', 'Arliss', 'Loveless', 'plans', 'to', 'rekindle', 'the', 'Civil', 'War', 'by', 'assassinating', 'President', 'U.S.', 'Grant.', 'Only', 'two', 'men', 'can', 'stop', 'him:', 'gunfighter', 'James', 'West', 'and', 'master-of-disguise', 'and', 'inventor', 'Artemus', 'Gordon.', 'The', 'two', 'must', 'team', 'up', 'to', 'thwart', ""Loveless'"", 'plans.', 'Action', 'Adventure', 'Comedy', 'ScienceFiction', 'Western', 'steampunk', 'basedontvseries', 'steamlocomotive', 'drag', 'WillSmith', 'KevinKline', 'KennethBranagh', 'BarrySonnenfeld']"
1735,The Mummy: Tomb of the Dragon Emperor,"['Archaeologist', 'Rick', ""O'Connell"", 'travels', 'to', 'China,', 'pitting', 'him', 'against', 'an', 'emperor', 'from', 'the', '2,000-year-old', 'Han', 'dynasty', ""who's"", 'returned', 'from', 'the', 'dead', 'to', 'pursue', 'a', 'quest', 'for', 'world', 'domination.', 'This', 'time,', ""O'Connell"", 'enlists', 'the', 'help', 'of', 'his', 'wife', 'and', 'son', 'to', 'quash', 'the', 'so-called', ""'Dragon"", ""Emperor'"", 'and', 'his', 'abuse', 'of', 'supernatural', 'power.', 'Adventure', 'Action', 'Fantasy', 'BrendanFraser', 'JetLi', 'JohnHannah', 'RobCohen']"
297761,Suicide Squad,"['From', 'DC', 'Comics', 'comes', 'the', 'Suicide', 'Squad,', 'an', 'antihero', 'team', 'of', 'incarcerated', 'supervillains', 'who', 'act', 'as', 'deniable', 'assets', 'for', 'the', 'United', 'States', 'government,', 'undertaking', 'high-risk', 'black', 'ops', 'missions', 'in', 'exchange', 'for', 'commuted', 'prison', 'sentences.', 'Action', 'Adventure', 'Crime', 'Fantasy', 'ScienceFiction', 'dccomics', 'shareduniverse', 'antihero', 'secretmission', 'villain', 'superhero', 'supervillain', 'dcextendeduniverse', 'WillSmith', 'MargotRobbie', 'JoelKinnaman', 'DavidAyer']"
2698,Evan Almighty,"['God', 'contacts', 'Congressman', 'Evan', 'Baxter', 'and', 'tells', 'him', 'to', 'build', 'an', 'ark', 'in', 'preparation', 'for', 'a', 'great', 'flood.', 'Fantasy', 'Comedy', 'Family', 'fathersonrelationship', 'dailylife', 'marriedcouple', 'support', 'father', 'marriage', 'faith', 'baustelle', 'rescue', 'animal', 'nature', 'duringcreditsstinger', ""noah'sark"", 'SteveCarell', 'LaurenGraham', 'JohnGoodman', 'TomShadyac']"
137113,Edge of Tomorrow,"['Major', 'Bill', 'Cage', 'is', 'an', 'officer', 'who', 'has', 'never', 'seen', 'a', 'day', 'of', 'combat', 'when', 'he', 'is', 'unceremoniously', 'demoted', 'and', 'dropped', 'into', 'combat.', 'Cage', 'is', 'killed', 'within', 'minutes,', 'managing', 'to', 'take', 'an', 'alpha', 'alien', 'down', 'with', 'him.', 'He', 'awakens', 'back', 'at', 'the', 'beginning', 'of', 'the', 'same', 'day', 'and', 'is', 'forced', 'to', 'fight', 'and', 'die', 'again...', 'and', 'again', '-', 'as', 'physical', 'contact', 'with', 'the', 'alien', 'has', 'thrown', 'him', 'into', 'a', 'time', 'loop.', 'Action', 'ScienceFiction', 'dejavu', 'timewarp', 'restart', 'dystopia', 'war', 'alien', 'militaryofficer', 'soldier', 'alieninvasion', 'exoskeleton', 'TomCruise', 'EmilyBlunt', 'BrendanGleeson', 'DougLiman']"
9804,Waterworld,"['In', 'a', 'futuristic', 'world', 'where', 'the', 'polar', 'ice', 'caps', 'have', 'melted', 'and', 'made', 'Earth', 'a', 'liquid', 'planet,', 'a', 'beautiful', 'barmaid', 'rescues', 'a', 'mutant', 'seafarer', 'from', 'a', 'floating', 'island', 'prison.', 'They', 'escape,', 'along', 'with', 'her', 'young', 'charge,', 'Enola,', 'and', 'sail', 'off', 'aboard', 'his', 'ship.', 'But', 'the', 'trio', 'soon', 'becomes', 'the', 'target', 'of', 'a', 'menacing', 'pirate', 'who', 'covets', 'the', 'map', 'to', ""'Dryland'"", '–', 'which', 'is', 'tattooed', 'on', ""Enola's"", 'back.', 'Adventure', 'Action', 'ocean', 'tattoo', 'mutant', 'water', 'dystopia', 'doomsday', 'KevinCostner', 'ChaimGirafi', 'RickAviles', 'KevinReynolds']"
14869,G.I. Joe: The Rise of Cobra,"['From', 'the', 'Egyptian', 'desert', 'to', 'deep', 'below', 'the', 'polar', 'ice', 'caps,', 'the', 'elite', 'G.I.', 'JOE', 'team', 'uses', 'the', 'latest', 'in', 'next-generation', 'spy', 'and', 'military', 'equipment', 'to', 'fight', 'the', 'corrupt', 'arms', 'dealer', 'Destro', 'and', 'the', 'growing', 'threat', 'of', 'the', 'mysterious', 'Cobra', 'organization', 'to', 'prevent', 'them', 'from', 'plunging', 'the', 'world', 'into', 'chaos.', 'Adventure', 'Action', 'Thriller', 'ScienceFiction', 'terrorist', 'secret', 'hostage', 'technology', 'warhead', 'government', 'president', 'revenge', 'murder', 'attack', 'explosion', 'scientist', 'lasers', 'evil', 'cobra', 'DennisQuaid', 'ChanningTatum', 'MarlonWayans', 'StephenSommers']"
150540,Inside Out,"['Growing', 'up', 'can', 'be', 'a', 'bumpy', 'road,', 'and', ""it's"", 'no', 'exception', 'for', 'Riley,', 'who', 'is', 'uprooted', 'from', 'her', 'Midwest', 'life', 'when', 'her', 'father', 'starts', 'a', 'new', 'job', 'in', 'San', 'Francisco.', 'Like', 'all', 'of', 'us,', 'Riley', 'is', 'guided', 'by', 'her', 'emotions', '-', 'Joy,', 'Fear,', 'Anger,', 'Disgust', 'and', 'Sadness.', 'The', 'emotions', 'live', 'in', 'Headquarters,', 'the', 'control', 'center', 'inside', ""Riley's"", 'mind,', 'where', 'they', 'help', 'advise', 'her', 'through', 'everyday', 'life.', 'As', 'Riley', 'and', 'her', 'emotions', 'struggle', 'to', 'adjust', 'to', 'a', 'new', 'life', 'in', 'San', 'Francisco,', 'turmoil', 'ensues', 'in', 'Headquarters.', 'Although', 'Joy,', ""Riley's"", 'main', 'and', 'most', 'important', 'emotion,', 'tries', 'to', 'keep', 'things', 'positive,', 'the', 'emotions', 'conflict', 'on', 'how', 'best', 'to', 'navigate', 'a', 'new', 'city,', 'house', 'and', 'school.', 'Drama', 'Comedy', 'Animation', 'Family', 'dream', 'cartoon', 'imaginaryfriend', 'animation', 'family', 'moving', 'kids', 'unicorn', 'duringcreditsstinger', '3d', 'emotions', 'AmyPoehler', 'PhyllisSmith', 'RichardKind', 'PeteDocter']"
278927,The Jungle Book,"['After', 'a', 'threat', 'from', 'the', 'tiger', 'Shere', 'Khan', 'forces', 'him', 'to', 'flee', 'the', 'jungle,', 'a', 'man-cub', 'named', 'Mowgli', 'embarks', 'on', 'a', 'journey', 'of', 'self', 'discovery', 'with', 'the', 'help', 'of', 'panther,', 'Bagheera,', 'and', 'free', 'spirited', 'bear,', 'Baloo.', 'Family', 'Adventure', 'Drama', 'Fantasy', 'basedonnovel', 'snake', 'wolf', 'elephant', 'tiger', 'feralchild', 'panther', 'remake', 'bear', 'jungle', 'talkinganimal', 'orphan', 'animal', 'talkingtoanimals', 'NeelSethi', 'BillMurray', 'BenKingsley', 'JonFavreau']"
10138,Iron Man 2,"['With', 'the', 'world', 'now', 'aware', 'of', 'his', 'dual', 'life', 'as', 'the', 'armored', 'superhero', 'Iron', 'Man,', 'billionaire', 'inventor', 'Tony', 'Stark', 'faces', 'pressure', 'from', 'the', 'government,', 'the', 'press', 'and', 'the', 'public', 'to', 'share', 'his', 'technology', 'with', 'the', 'military.', 'Unwilling', 'to', 'let', 'go', 'of', 'his', 'invention,', 'Stark,', 'with', 'Pepper', 'Potts', 'and', 'James', ""'Rhodey'"", 'Rhodes', 'at', 'his', 'side,', 'must', 'forge', 'new', 'alliances', '–', 'and', 'confront', 'powerful', 'enemies.', 'Adventure', 'Action', 'ScienceFiction', 'malibu', 'marvelcomic', 'superhero', 'basedoncomicbook', 'revenge', 'aftercreditsstinger', 'marvelcinematicuniverse', 'RobertDowneyJr.', 'GwynethPaltrow', 'DonCheadle', 'JonFavreau']"
58595,Snow White and the Huntsman,"['After', 'the', 'Evil', 'Queen', 'marries', 'the', 'King,', 'she', 'performs', 'a', 'violent', 'coup', 'in', 'which', 'the', 'King', 'is', 'murdered', 'and', 'his', 'daughter,', 'Snow', 'White,', 'is', 'taken', 'captive.', 'Almost', 'a', 'decade', 'later,', 'a', 'grown', 'Snow', 'White', 'is', 'still', 'in', 'the', 'clutches', 'of', 'the', 'Queen.', 'In', 'order', 'to', 'obtain', 'immortality,', 'The', 'Evil', 'Queen', 'needs', 'the', 'heart', 'of', 'Snow', 'White.', 'After', 'Snow', 'escapes', 'the', 'castle,', 'the', 'Queen', 'sends', 'the', 'Huntsman', 'to', 'find', 'her', 'in', 'the', 'Dark', 'Forest.', 'Adventure', 'Fantasy', 'Drama', 'queen', 'magic', 'fairytale', 'immortality', 'forest', 'deception', 'woman', 'eternalyouth', 'snowwhite', 'evilqueen', 'evilstepmother', 'imprisoned', 'sorceress', 'KristenStewart', 'CharlizeTheron', 'ChrisHemsworth', 'RupertSanders']"
102651,Maleficent,"['The', 'untold', 'story', 'of', ""Disney's"", 'most', 'iconic', 'villain', 'from', 'the', '1959', 'classic', ""'Sleeping"", ""Beauty'."", 'A', 'beautiful,', 'pure-hearted', 'young', 'woman,', 'Maleficent', 'has', 'an', 'idyllic', 'life', 'growing', 'up', 'in', 'a', 'peaceable', 'forest', 'kingdom,', 'until', 'one', 'day', 'when', 'an', 'invading', 'army', 'threatens', 'the', 'harmony', 'of', 'the', 'land.', 'Maleficent', 'rises', 'to', 'be', 'the', ""land's"", 'fiercest', 'protector,', 'but', 'she', 'ultimately', 'suffers', 'a', 'ruthless', 'betrayal', '–', 'an', 'act', 'that', 'begins', 'to', 'turn', 'her', 'heart', 'into', 'stone.', 'Bent', 'on', 'revenge,', 'Maleficent', 'faces', 'an', 'epic', 'battle', 'with', 'the', 'invading', ""King's"", 'successor', 'and,', 'as', 'a', 'result,', 'places', 'a', 'curse', 'upon', 'his', 'newborn', 'infant', 'Aurora.', 'As', 'the', 'child', 'grows,', 'Maleficent', 'realizes', 'that', 'Aurora', 'holds', 'the', 'key', 'to', 'peace', 'in', 'the', 'kingdom', '-', 'and', 'to', ""Maleficent's"", 'true', 'happiness', 'as', 'well.', 'Fantasy', 'Adventure', 'Action', 'Family', 'Romance', 'fairytale', 'villain', 'sleepingbeauty', 'darkfantasy', 'basedonfairytale', 'adaptation', 'retelling', 'literaryadaptation', '3d', 'AngelinaJolie', 'ElleFanning', 'SharltoCopley', 'RobertStromberg']"
119450,Dawn of the Planet of the Apes,"['A', 'group', 'of', 'scientists', 'in', 'San', 'Francisco', 'struggle', 'to', 'stay', 'alive', 'in', 'the', 'aftermath', 'of', 'a', 'plague', 'that', 'is', 'wiping', 'out', 'humanity,', 'while', 'Caesar', 'tries', 'to', 'maintain', 'dominance', 'over', 'his', 'community', 'of', 'intelligent', 'apes.', 'ScienceFiction', 'Action', 'Drama', 'Thriller', 'leader', 'colony', 'post-apocalyptic', 'dystopia', 'forest', 'sequel', 'woods', 'ape', 'scientist', 'monkey', 'medicalresearch', 'animalattack', 'plague', '3d', 'AndySerkis', 'JasonClarke', 'GaryOldman', 'MattReeves']"
79698,The Lovers,"['The', 'Lovers', 'is', 'an', 'epic', 'romance', 'time', 'travel', 'adventure', 'film.', 'Helmed', 'by', 'Roland', 'Joffé', 'from', 'a', 'story', 'by', 'Ajey', 'Jhankar,', 'the', 'film', 'is', 'a', 'sweeping', 'tale', 'of', 'an', 'impossible', 'love', 'set', 'against', 'the', 'backdrop', 'of', 'the', 'first', 'Anglo-Maratha', 'war', 'across', 'two', 'time', 'periods', 'and', 'continents', 'and', 'centred', 'around', 'four', 'characters', '—', 'a', 'British', 'officer', 'in', '18th', 'century', 'colonial', 'India,', 'the', 'Indian', 'woman', 'he', 'falls', 'deeply', 'in', 'love', 'with,', 'an', 'American', 'present-day', 'marine', 'biologist', 'and', 'his', 'wife.', 'Action', 'Adventure', 'ScienceFiction', 'Romance', 'JoshHartnett', 'SimoneKessell', 'TamsinEgerton', 'RolandJoffé']"
64686,47 Ronin,"['Based', 'on', 'the', 'original', '1941', 'movie', 'from', 'Japan,', 'and', 'from', 'ancient', 'Japan’s', 'most', 'enduring', 'tale,', 'the', 'epic', '3D', 'fantasy-adventure', '47', 'Ronin', 'is', 'born.', 'Keanu', 'Reeves', 'leads', 'the', 'cast', 'as', 'Kai,', 'an', 'outcast', 'who', 'joins', 'Oishi', '(Hiroyuki', 'Sanada),', 'the', 'leader', 'of', 'the', '47', 'outcast', 'samurai.', 'Together', 'they', 'seek', 'vengeance', 'upon', 'the', 'treacherous', 'overlord', 'who', 'killed', 'their', 'master', 'and', 'banished', 'their', 'kind.', 'To', 'restore', 'honor', 'to', 'their', 'homeland,', 'the', 'warriors', 'embark', 'upon', 'a', 'quest', 'that', 'challenges', 'them', 'with', 'a', 'series', 'of', 'trials', 'that', 'would', 'destroy', 'ordinary', 'warriors.', 'Drama', 'Action', 'Adventure', 'Fantasy', 'japan', 'suicide', 'samurai', 'basedontruestory', 'samuraisword', 'ronin', 'shogun', 'halfbreed', '3d', 'KeanuReeves', 'HiroyukiSanada', 'KouShibasaki', 'CarlRinsch']"
100402,Captain America: The Winter Soldier,"['After', 'the', 'cataclysmic', 'events', 'in', 'New', 'York', 'with', 'The', 'Avengers,', 'Steve', 'Rogers,', 'aka', 'Captain', 'America', 'is', 'living', 'quietly', 'in', 'Washington,', 'D.C.', 'and', 'trying', 'to', 'adjust', 'to', 'the', 'modern', 'world.', 'But', 'when', 'a', 'S.H.I.E.L.D.', 'colleague', 'comes', 'under', 'attack,', 'Steve', 'becomes', 'embroiled', 'in', 'a', 'web', 'of', 'intrigue', 'that', 'threatens', 'to', 'put', 'the', 'world', 'at', 'risk.', 'Joining', 'forces', 'with', 'the', 'Black', 'Widow,', 'Captain', 'America', 'struggles', 'to', 'expose', 'the', 'ever-widening', 'conspiracy', 'while', 'fighting', 'off', 'professional', 'assassins', 'sent', 'to', 'silence', 'him', 'at', 'every', 'turn.', 'When', 'the', 'full', 'scope', 'of', 'the', 'villainous', 'plot', 'is', 'revealed,', 'Captain', 'America', 'and', 'the', 'Black', 'Widow', 'enlist', 'the', 'help', 'of', 'a', 'new', 'ally,', 'the', 'Falcon.', 'However,', 'they', 'soon', 'find', 'themselves', 'up', 'against', 'an', 'unexpected', 'and', 'formidable', 'enemy—the', 'Winter', 'Soldier.', 'Action', 'Adventure', 'ScienceFiction', 'washingtond.c.', 'future', 'shield', 'marvelcomic', 'superhero', 'basedoncomicbook', 'captainamerica', 'aftercreditsstinger', 'duringcreditsstinger', 'marvelcinematicuniverse', '3d', 'politicalthriller', 'ChrisEvans', 'SamuelL.Jackson', 'ScarlettJohansson', 'AnthonyRusso', 'JoeRusso']"
10192,Shrek Forever After,"['A', 'bored', 'and', 'domesticated', 'Shrek', 'pacts', 'with', 'deal-maker', 'Rumpelstiltskin', 'to', 'get', 'back', 'to', 'feeling', 'like', 'a', 'real', 'ogre', 'again,', 'but', 'when', ""he's"", 'duped', 'and', 'sent', 'to', 'a', 'twisted', 'version', 'of', 'Far', 'Far', 'Away—where', 'Rumpelstiltskin', 'is', 'king,', 'ogres', 'are', 'hunted,', 'and', 'he', 'and', 'Fiona', 'have', 'never', 'met—he', 'sets', 'out', 'to', 'restore', 'his', 'world', 'and', 'reclaim', 'his', 'true', 'love.', 'Comedy', 'Adventure', 'Fantasy', 'Animation', 'Family', 'ogre', '3d', 'MikeMyers', 'EddieMurphy', 'CameronDiaz', 'MikeMitchell']"
158852,Tomorrowland,"['Bound', 'by', 'a', 'shared', 'destiny,', 'a', 'bright,', 'optimistic', 'teen', 'bursting', 'with', 'scientific', 'curiosity', 'and', 'a', 'former', 'boy-genius', 'inventor', 'jaded', 'by', 'disillusionment', 'embark', 'on', 'a', 'danger-filled', 'mission', 'to', 'unearth', 'the', 'secrets', 'of', 'an', 'enigmatic', 'place', 'somewhere', 'in', 'time', 'and', 'space', 'that', 'exists', 'in', 'their', 'collective', 'memory', 'as', '""Tomorrowland.""', 'Adventure', 'Family', 'Mystery', 'ScienceFiction', 'inventor', 'apocalypse', 'destiny', 'imax', 'dreamer', 'futuristiccar', 'futuristiccity', 'BrittRobertson', 'GeorgeClooney', 'RaffeyCassidy', 'BradBird']"
177572,Big Hero 6,"['The', 'special', 'bond', 'that', 'develops', 'between', 'plus-sized', 'inflatable', 'robot', 'Baymax,', 'and', 'prodigy', 'Hiro', 'Hamada,', 'who', 'team', 'up', 'with', 'a', 'group', 'of', 'friends', 'to', 'form', 'a', 'band', 'of', 'high-tech', 'heroes.', 'Adventure', 'Family', 'Animation', 'Action', 'Comedy', 'brotherbrotherrelationship', 'hero', 'talent', 'revenge', 'bestfriend', 'anotherdimension', 'robot', 'boygenius', 'hate', 'aftercreditsstinger', 'moraldilemma', '3d', 'teensuperheroes', 'deadbrother', 'ScottAdsit', 'RyanPotter', 'DanielHenney', 'ChrisWilliams', 'DonHall']"
82690,Wreck-It Ralph,"['Wreck-It', 'Ralph', 'is', 'the', '9-foot-tall,', '643-pound', 'villain', 'of', 'an', 'arcade', 'video', 'game', 'named', 'Fix-It', 'Felix', 'Jr.,', 'in', 'which', 'the', ""game's"", 'titular', 'hero', 'fixes', 'buildings', 'that', 'Ralph', 'destroys.', 'Wanting', 'to', 'prove', 'he', 'can', 'be', 'a', 'good', 'guy', 'and', 'not', 'just', 'a', 'villain,', 'Ralph', 'escapes', 'his', 'game', 'and', 'lands', 'in', ""Hero's"", 'Duty,', 'a', 'first-person', 'shooter', 'where', 'he', 'helps', 'the', ""game's"", 'hero', 'battle', 'against', 'alien', 'invaders.', 'He', 'later', 'enters', 'Sugar', 'Rush,', 'a', 'kart', 'racing', 'game', 'set', 'on', 'tracks', 'made', 'of', 'candies,', 'cookies', 'and', 'other', 'sweets.', 'There,', 'Ralph', 'meets', 'Vanellope', 'von', 'Schweetz', 'who', 'has', 'learned', 'that', 'her', 'game', 'is', 'faced', 'with', 'a', 'dire', 'threat', 'that', 'could', 'affect', 'the', 'entire', 'arcade,', 'and', 'one', 'that', 'Ralph', 'may', 'have', 'inadvertently', 'started.', 'Family', 'Animation', 'Comedy', 'Adventure', 'supportgroup', 'productplacement', 'bullying', 'racing', 'arcade', 'medal', 'selfesteem', 'curiosity', 'precociouschild', 'aftercreditsstinger', 'duringcreditsstinger', 'firstpersonshooter', 'glitch', 'carefree', 'videogamer', 'q*bert', 'interruptedwedding', 'socialreject', 'JohnC.Reilly', 'SarahSilverman', 'JackMcBrayer', 'RichMoore']"
5255,The Polar Express,"['When', 'a', 'doubting', 'young', 'boy', 'takes', 'an', 'extraordinary', 'train', 'ride', 'to', 'the', 'North', 'Pole,', 'he', 'embarks', 'on', 'a', 'journey', 'of', 'self-discovery', 'that', 'shows', 'him', 'that', 'the', 'wonder', 'of', 'life', 'never', 'fades', 'for', 'those', 'who', 'believe.', 'Adventure', 'Animation', 'Family', 'Fantasy', 'santaclaus', 'nerd', 'faith', 'gift', 'bell', 'beard', 'northpole', 'chute', 'trestle', 'ticket', 'christmas', 'TomHanks', 'MichaelJeter', 'NonaGaye', 'RobertZemeckis']"
47933,Independence Day: Resurgence,"['We', 'always', 'knew', 'they', 'were', 'coming', 'back.', 'Using', 'recovered', 'alien', 'technology,', 'the', 'nations', 'of', 'Earth', 'have', 'collaborated', 'on', 'an', 'immense', 'defense', 'program', 'to', 'protect', 'the', 'planet.', 'But', 'nothing', 'can', 'prepare', 'us', 'for', 'the', 'aliens’', 'advanced', 'and', 'unprecedented', 'force.', 'Only', 'the', 'ingenuity', 'of', 'a', 'few', 'brave', 'men', 'and', 'women', 'can', 'bring', 'our', 'world', 'back', 'from', 'the', 'brink', 'of', 'extinction.', 'Action', 'Adventure', 'ScienceFiction', 'alternatehistory', 'alieninvasion', 'LiamHemsworth', 'JeffGoldblum', 'BillPullman', 'RolandEmmerich']"
10191,How to Train Your Dragon,"['As', 'the', 'son', 'of', 'a', 'Viking', 'leader', 'on', 'the', 'cusp', 'of', 'manhood,', 'shy', 'Hiccup', 'Horrendous', 'Haddock', 'III', 'faces', 'a', 'rite', 'of', 'passage:', 'he', 'must', 'kill', 'a', 'dragon', 'to', 'prove', 'his', 'warrior', 'mettle.', 'But', 'after', 'downing', 'a', 'feared', 'dragon,', 'he', 'realizes', 'that', 'he', 'no', 'longer', 'wants', 'to', 'destroy', 'it,', 'and', 'instead', 'befriends', 'the', 'beast', '–', 'which', 'he', 'names', 'Toothless', '–', 'much', 'to', 'the', 'chagrin', 'of', 'his', 'warrior', 'father', 'Fantasy', 'Adventure', 'Animation', 'Family', 'flying', 'blacksmith', 'arena', 'island', 'night', 'ship', 'training', 'village', 'forest', 'viking', 'friendship', 'ignorance', 'flight', 'nest', 'dragon', 'battle', 'combat', 'well', 'warrior', 'JayBaruchel', 'GerardButler', 'CraigFerguson', 'ChrisSanders', 'DeanDeBlois']"
296,Terminator 3: Rise of the Machines,"[""It's"", 'been', '10', 'years', 'since', 'John', 'Connor', 'saved', 'Earth', 'from', 'Judgment', 'Day,', 'and', ""he's"", 'now', 'living', 'under', 'the', 'radar,', 'steering', 'clear', 'of', 'using', 'anything', 'Skynet', 'can', 'trace.', 'That', 'is,', 'until', 'he', 'encounters', 'T-X,', 'a', 'robotic', 'assassin', 'ordered', 'to', 'finish', 'what', 'T-1000', 'started.', 'Good', 'thing', ""Connor's"", 'former', 'nemesis,', 'the', 'Terminator,', 'is', 'back', 'to', 'aid', 'the', 'now-adult', 'Connor', '…', 'just', 'like', 'he', 'promised.', 'Action', 'Thriller', 'ScienceFiction', 'savingtheworld', 'artificialintelligence', 'manvsmachine', 'cyborg', 'killerrobot', 'sunglasses', 'leatherjacket', 'nanotechnology', 'rocketlauncher', 'firemen', 'veterinarian', 'fireengine', 'dystopia', 'psychiatrist', 'ArnoldSchwarzenegger', 'NickStahl', 'ClaireDanes', 'JonathanMostow']"
118340,Guardians of the Galaxy,"['Light', 'years', 'from', 'Earth,', '26', 'years', 'after', 'being', 'abducted,', 'Peter', 'Quill', 'finds', 'himself', 'the', 'prime', 'target', 'of', 'a', 'manhunt', 'after', 'discovering', 'an', 'orb', 'wanted', 'by', 'Ronan', 'the', 'Accuser.', 'Action', 'ScienceFiction', 'Adventure', 'marvelcomic', 'spaceship', 'space', 'outerspace', 'orphan', 'adventurer', 'aftercreditsstinger', 'duringcreditsstinger', 'marvelcinematicuniverse', 'ChrisPratt', 'ZoeSaldana', 'DaveBautista', 'JamesGunn']"
157336,Interstellar,"['Interstellar', 'chronicles', 'the', 'adventures', 'of', 'a', 'group', 'of', 'explorers', 'who', 'make', 'use', 'of', 'a', 'newly', 'discovered', 'wormhole', 'to', 'surpass', 'the', 'limitations', 'on', 'human', 'space', 'travel', 'and', 'conquer', 'the', 'vast', 'distances', 'involved', 'in', 'an', 'interstellar', 'voyage.', 'Adventure', 'Drama', 'ScienceFiction', 'savingtheworld', 'artificialintelligence', 'fathersonrelationship', 'singleparent', 'nasa', 'expedition', 'wormhole', 'spacetravel', 'famine', 'blackhole', 'dystopia', 'raceagainsttime', 'quantummechanics', 'spaceship', 'space', 'rescue', 'familyrelationships', 'farmhouse', 'robot', 'astronaut', 'scientist', 'fatherdaughterrelationship', 'singlefather', 'farmer', 'spacestation', 'imax', 'astrophysics', 'zerogravity', 'courage', 'timeparadox', 'relativity', 'MatthewMcConaughey', 'JessicaChastain', 'AnneHathaway', 'ChristopherNolan']"
27205,Inception,"['Cobb,', 'a', 'skilled', 'thief', 'who', 'commits', 'corporate', 'espionage', 'by', 'infiltrating', 'the', 'subconscious', 'of', 'his', 'targets', 'is', 'offered', 'a', 'chance', 'to', 'regain', 'his', 'old', 'life', 'as', 'payment', 'for', 'a', 'task', 'considered', 'to', 'be', 'impossible:', '""inception"",', 'the', 'implantation', 'of', 'another', ""person's"", 'idea', 'into', 'a', ""target's"", 'subconscious.', 'Action', 'Thriller', 'ScienceFiction', 'Mystery', 'Adventure', 'lossoflover', 'dream', 'kidnapping', 'sleep', 'subconsciousness', 'heist', 'redemption', 'femalehero', 'LeonardoDiCaprio', 'JosephGordon-Levitt', 'EllenPage', 'ChristopherNolan']"
315011,Shin Godzilla,"['From', 'the', 'mind', 'behind', 'Evangelion', 'comes', 'a', 'hit', 'larger', 'than', 'life.', 'When', 'a', 'massive,', 'gilled', 'monster', 'emerges', 'from', 'the', 'deep', 'and', 'tears', 'through', 'the', 'city,', 'the', 'government', 'scrambles', 'to', 'save', 'its', 'citizens.', 'A', 'rag-tag', 'team', 'of', 'volunteers', 'cuts', 'through', 'a', 'web', 'of', 'red', 'tape', 'to', 'uncover', 'the', ""monster's"", 'weakness', 'and', 'its', 'mysterious', 'ties', 'to', 'a', 'foreign', 'superpower.', 'But', 'time', 'is', 'not', 'on', 'their', 'side', '-', 'the', 'greatest', 'catastrophe', 'to', 'ever', 'befall', 'the', 'world', 'is', 'about', 'to', 'evolve', 'right', 'before', 'their', 'very', 'eyes.', 'Action', 'Adventure', 'Drama', 'Horror', 'ScienceFiction', 'monster', 'godzilla', 'giantmonster', 'destruction', 'kaiju', 'toyko', 'HirokiHasegawa', 'YutakaTakenouchi', 'SatomiIshihara', 'HideakiAnno', 'ShinjiHiguchi']"
49051,The Hobbit: An Unexpected Journey,"['Bilbo', 'Baggins,', 'a', 'hobbit', 'enjoying', 'his', 'quiet', 'life,', 'is', 'swept', 'into', 'an', 'epic', 'quest', 'by', 'Gandalf', 'the', 'Grey', 'and', 'thirteen', 'dwarves', 'who', 'seek', 'to', 'reclaim', 'their', 'mountain', 'home', 'from', 'Smaug,', 'the', 'dragon.', 'Adventure', 'Fantasy', 'Action', 'riddle', 'elves', 'dwarves', 'orcs', 'middle-earth(tolkien)', 'hobbit', 'mountains', 'wizard', 'journey', 'ring', 'goblin', 'courage', 'giant', 'tunnel', 'undergroundlake', 'buriedtreasure', 'climbingatree', 'invisibility', 'ancient', 'gnomes', 'IanMcKellen', 'MartinFreeman', 'RichardArmitage', 'PeterJackson']"
9799,The Fast and the Furious,"['Domenic', 'Toretto', 'is', 'a', 'Los', 'Angeles', 'street', 'racer', 'suspected', 'of', 'masterminding', 'a', 'series', 'of', 'big-rig', 'hijackings.', 'When', 'undercover', 'cop', 'Brian', ""O'Conner"", 'infiltrates', ""Toretto's"", 'iconoclastic', 'crew,', 'he', 'falls', 'for', ""Toretto's"", 'sister', 'and', 'must', 'choose', 'a', 'side:', 'the', 'gang', 'or', 'the', 'LAPD.', 'Action', 'Crime', 'Thriller', 'streetgang', 'carrace', 'undercover', 'auto-tuning', 'losangeles', 'car', 'automobileracing', 'aftercreditsstinger', 'duringcreditsstinger', 'PaulWalker', 'VinDiesel', 'MichelleRodriguez', 'RobCohen']"
4922,The Curious Case of Benjamin Button,"['Tells', 'the', 'story', 'of', 'Benjamin', 'Button,', 'a', 'man', 'who', 'starts', 'aging', 'backwards', 'with', 'bizarre', 'consequences.', 'Fantasy', 'Drama', 'Thriller', 'Mystery', 'Romance', 'diary', 'navy', 'funeral', 'tea', 'travel', 'hospital', 'CateBlanchett', 'BradPitt', 'TildaSwinton', 'DavidFincher']"
